archive_id,canonical_archive_id,content_kind,publication_status,source_name,source_sha256,source_bytes,snapshot_url,release_download_url,topic,usage_level,role,chapter_paths
G-archive-0001,G-archive-0001,source_archive,publishable,1.CAN接收指令例程_ROS.zip,aaa0f809ac4a09662f54cc4db66c5653a509f2e712aa4e13c474cb34985b1be5,243860,https://github.com/EnosElinsa/wheeltec-ros-source-reference/tree/main/packages/G-archive-0001,https://github.com/EnosElinsa/wheeltec-ros-source-reference/releases/download/source-archive-2026-08-28/G-archive-0001__1.CAN__ROS.zip,chassis-control,hardware_match_required,primary,docs/03-chassis-control/14-serial-protocol.md|docs/03-chassis-control/15-can-protocol.md
G-archive-0002,G-archive-0002,source_archive,publishable,1.新建工程.zip,fcd65f7698b110ff1692bf21f34b463fc7da0903d96ea08051a1b5a3575e83d9,5992464,https://github.com/EnosElinsa/wheeltec-ros-source-reference/tree/main/packages/G-archive-0002,https://github.com/EnosElinsa/wheeltec-ros-source-reference/releases/download/source-archive-2026-08-28/G-archive-0002__1.zip,stm32,hardware_match_required,primary,docs/06-stm32-firmware/index.md|docs/06-stm32-firmware/34-hardware-init-model-interfaces.md
G-archive-0003,G-archive-0003,source_archive,publishable,2.LED.zip,189bcc71b16ad5ab019f3cf6ac4fcac61b4bb0dca47ef7749b2f354953fc852b,7257426,https://github.com/EnosElinsa/wheeltec-ros-source-reference/tree/main/packages/G-archive-0003,https://github.com/EnosElinsa/wheeltec-ros-source-reference/releases/download/source-archive-2026-08-28/G-archive-0003__2.LED.zip,stm32,hardware_match_required,primary,docs/06-stm32-firmware/index.md|docs/06-stm32-firmware/34-hardware-init-model-interfaces.md
G-archive-0004,G-archive-0004,source_archive,publishable,3.按键.zip,5d937ae99a9c3cf79a3de432e717fe1bd3fcf10c4543444abdf6a6eb19a591a0,6398929,https://github.com/EnosElinsa/wheeltec-ros-source-reference/tree/main/packages/G-archive-0004,https://github.com/EnosElinsa/wheeltec-ros-source-reference/releases/download/source-archive-2026-08-28/G-archive-0004__3.zip,stm32,hardware_match_required,primary,docs/06-stm32-firmware/index.md|docs/06-stm32-firmware/34-hardware-init-model-interfaces.md
G-archive-0005,G-archive-0005,source_archive,publishable,4.串口通信.zip,fff7b00beb01c68b99532d28aeabc5598767cfb618966c51967dba2f9f6fd012,6244606,https://github.com/EnosElinsa/wheeltec-ros-source-reference/tree/main/packages/G-archive-0005,https://github.com/EnosElinsa/wheeltec-ros-source-reference/releases/download/source-archive-2026-08-28/G-archive-0005__4.zip,stm32,hardware_match_required,primary,docs/06-stm32-firmware/index.md|docs/06-stm32-firmware/34-hardware-init-model-interfaces.md
G-archive-0006,G-archive-0006,source_archive,publishable,5.外部中断.zip,a202584c56299d6d47600632c1dd6d7e74144ffdbe74f94656ab01a2ed56458c,6580105,https://github.com/EnosElinsa/wheeltec-ros-source-reference/tree/main/packages/G-archive-0006,https://github.com/EnosElinsa/wheeltec-ros-source-reference/releases/download/source-archive-2026-08-28/G-archive-0006__5.zip,stm32,hardware_match_required,primary,docs/06-stm32-firmware/index.md|docs/06-stm32-firmware/34-hardware-init-model-interfaces.md
G-archive-0007,G-archive-0007,source_archive,publishable,6.定时中断.zip,c7487c2cbe6869d94f793bd5df56af17319a9c5f54e4ccb33ea2cc0d659ea414,6580952,https://github.com/EnosElinsa/wheeltec-ros-source-reference/tree/main/packages/G-archive-0007,https://github.com/EnosElinsa/wheeltec-ros-source-reference/releases/download/source-archive-2026-08-28/G-archive-0007__6.zip,stm32,hardware_match_required,primary,docs/06-stm32-firmware/index.md|docs/06-stm32-firmware/34-hardware-init-model-interfaces.md
G-archive-0008,G-archive-0008,source_archive,publishable,7.PWM输出.zip,2f54a7d8d7d74bffe6bb2f94e9f7ce357f0184acb232c16289da58c9806f8c09,6594171,https://github.com/EnosElinsa/wheeltec-ros-source-reference/tree/main/packages/G-archive-0008,https://github.com/EnosElinsa/wheeltec-ros-source-reference/releases/download/source-archive-2026-08-28/G-archive-0008__7.PWM.zip,stm32,hardware_match_required,primary,docs/06-stm32-firmware/index.md|docs/06-stm32-firmware/34-hardware-init-model-interfaces.md
G-archive-0009,G-archive-0009,source_archive,publishable,8.舵机控制.zip,437fd9175452e7fbb64567ce7207e5848caa77b9510745b20cc7e2d8c1db589d,6602623,https://github.com/EnosElinsa/wheeltec-ros-source-reference/tree/main/packages/G-archive-0009,https://github.com/EnosElinsa/wheeltec-ros-source-reference/releases/download/source-archive-2026-08-28/G-archive-0009__8.zip,stm32,hardware_match_required,primary,docs/06-stm32-firmware/index.md|docs/06-stm32-firmware/34-hardware-init-model-interfaces.md
G-archive-0010,G-archive-0010,source_archive,publishable,9.输入捕获.zip,004944a543fa8bad92910edc6678aa6058212b4430bf14f1c72d42afea39e7dc,6610044,https://github.com/EnosElinsa/wheeltec-ros-source-reference/tree/main/packages/G-archive-0010,https://github.com/EnosElinsa/wheeltec-ros-source-reference/releases/download/source-archive-2026-08-28/G-archive-0010__9.zip,stm32,hardware_match_required,primary,docs/06-stm32-firmware/index.md|docs/06-stm32-firmware/34-hardware-init-model-interfaces.md
G-archive-0011,G-archive-0011,source_archive,publishable,10.编码器.zip,306d314705fa652a0a6dfeabac9486343b1267596688516f224b60398709983c,6800722,https://github.com/EnosElinsa/wheeltec-ros-source-reference/tree/main/packages/G-archive-0011,https://github.com/EnosElinsa/wheeltec-ros-source-reference/releases/download/source-archive-2026-08-28/G-archive-0011__10.zip,stm32,hardware_match_required,primary,docs/06-stm32-firmware/index.md|docs/06-stm32-firmware/34-hardware-init-model-interfaces.md
G-archive-0012,G-archive-0012,source_archive,publishable,11.ADC采集.zip,fd4306c45837f37af52d2afd3441f5943f98db04fea85cf43bed2f613623920b,7009111,https://github.com/EnosElinsa/wheeltec-ros-source-reference/tree/main/packages/G-archive-0012,https://github.com/EnosElinsa/wheeltec-ros-source-reference/releases/download/source-archive-2026-08-28/G-archive-0012__11.ADC.zip,stm32,hardware_match_required,primary,docs/06-stm32-firmware/index.md|docs/06-stm32-firmware/34-hardware-init-model-interfaces.md
G-archive-0013,G-archive-0013,source_archive,publishable,Tb6612demo.zip,01d7a91ae9846bd95d66df1f23c8424eafb82e1763bd584227c942a6f8905e92,6557950,https://github.com/EnosElinsa/wheeltec-ros-source-reference/tree/main/packages/G-archive-0013,https://github.com/EnosElinsa/wheeltec-ros-source-reference/releases/download/source-archive-2026-08-28/G-archive-0013__Tb6612demo.zip,stm32,hardware_match_required,primary,docs/06-stm32-firmware/index.md|docs/06-stm32-firmware/34-hardware-init-model-interfaces.md
G-archive-0014,G-archive-0014,source_archive,publishable,STM32F103_Encoder_demo.zip,50bc23009329cf3acf0b141019e256c234f9d4999ade45565e5e833252630d10,6827227,https://github.com/EnosElinsa/wheeltec-ros-source-reference/tree/main/packages/G-archive-0014,https://github.com/EnosElinsa/wheeltec-ros-source-reference/releases/download/source-archive-2026-08-28/G-archive-0014__STM32F103_Encoder_demo.zip,stm32,hardware_match_required,primary,docs/06-stm32-firmware/index.md|docs/06-stm32-firmware/34-hardware-init-model-interfaces.md
G-archive-0015,G-archive-0015,source_archive,publishable,位置控制.zip,48d9c05b66d8244e4a7a125b077e6d476e1abd2b8ffc5eb545ba00c73ba74182,361032,https://github.com/EnosElinsa/wheeltec-ros-source-reference/tree/main/packages/G-archive-0015,https://github.com/EnosElinsa/wheeltec-ros-source-reference/releases/download/source-archive-2026-08-28/G-archive-0015__archive.zip,stm32,hardware_match_required,primary,docs/06-stm32-firmware/index.md|docs/06-stm32-firmware/34-hardware-init-model-interfaces.md
G-archive-0016,G-archive-0016,non_source_archive,catalog_only_non_source,CH340驱动(USB串口驱动)_XP_WIN7_WIN10共用.zip,34806d89e7bfc4a5a11d39222c913373776e3564a762931ad8f62e2b028fe0dc,136258,,,stm32,hardware_match_required,primary,docs/06-stm32-firmware/index.md|docs/06-stm32-firmware/34-hardware-init-model-interfaces.md
G-archive-0017,G-archive-0017,source_archive,publishable,CP210x驱动.zip,dede2035c6adf91b1aeae9e04f81dbc12a7d165951ba93dbfe007ed92b5d5acb,8289506,https://github.com/EnosElinsa/wheeltec-ros-source-reference/tree/main/packages/G-archive-0017,https://github.com/EnosElinsa/wheeltec-ros-source-reference/releases/download/source-archive-2026-08-28/G-archive-0017__CP210x.zip,stm32,hardware_match_required,primary,docs/06-stm32-firmware/index.md|docs/06-stm32-firmware/34-hardware-init-model-interfaces.md
G-archive-0018,G-archive-0018,source_archive,publishable,速度控制.zip,1e25b5583bf7345a118c17eb53bca99b81b5fd4a3788745c2ebf04f0375cf054,7476776,https://github.com/EnosElinsa/wheeltec-ros-source-reference/tree/main/packages/G-archive-0018,https://github.com/EnosElinsa/wheeltec-ros-source-reference/releases/download/source-archive-2026-08-28/G-archive-0018__archive.zip,stm32,hardware_match_required,primary,docs/06-stm32-firmware/index.md|docs/06-stm32-firmware/34-hardware-init-model-interfaces.md
G-archive-0019,G-archive-0016,non_source_archive,catalog_only_non_source,CH340驱动(USB串口驱动)_XP_WIN7_WIN10共用.zip,34806d89e7bfc4a5a11d39222c913373776e3564a762931ad8f62e2b028fe0dc,136258,,,stm32,hardware_match_required,primary,docs/06-stm32-firmware/index.md|docs/06-stm32-firmware/34-hardware-init-model-interfaces.md
G-archive-0020,G-archive-0017,source_archive,publishable,CP210x驱动.zip,dede2035c6adf91b1aeae9e04f81dbc12a7d165951ba93dbfe007ed92b5d5acb,8289506,https://github.com/EnosElinsa/wheeltec-ros-source-reference/tree/main/packages/G-archive-0017,https://github.com/EnosElinsa/wheeltec-ros-source-reference/releases/download/source-archive-2026-08-28/G-archive-0017__CP210x.zip,stm32,hardware_match_required,primary,docs/06-stm32-firmware/index.md|docs/06-stm32-firmware/34-hardware-init-model-interfaces.md
G-archive-0021,G-archive-0016,non_source_archive,catalog_only_non_source,CH340驱动(USB串口驱动)_XP_WIN7_WIN10共用.zip,34806d89e7bfc4a5a11d39222c913373776e3564a762931ad8f62e2b028fe0dc,136258,,,stm32,hardware_match_required,primary,docs/06-stm32-firmware/index.md|docs/06-stm32-firmware/34-hardware-init-model-interfaces.md
G-archive-0022,G-archive-0017,source_archive,publishable,CP210x驱动.zip,dede2035c6adf91b1aeae9e04f81dbc12a7d165951ba93dbfe007ed92b5d5acb,8289506,https://github.com/EnosElinsa/wheeltec-ros-source-reference/tree/main/packages/G-archive-0017,https://github.com/EnosElinsa/wheeltec-ros-source-reference/releases/download/source-archive-2026-08-28/G-archive-0017__CP210x.zip,stm32,hardware_match_required,primary,docs/06-stm32-firmware/index.md|docs/06-stm32-firmware/34-hardware-init-model-interfaces.md
G-archive-0023,G-archive-0016,non_source_archive,catalog_only_non_source,CH340驱动(USB串口驱动)_XP_WIN7_WIN10共用.zip,34806d89e7bfc4a5a11d39222c913373776e3564a762931ad8f62e2b028fe0dc,136258,,,stm32,hardware_match_required,primary,docs/06-stm32-firmware/index.md|docs/06-stm32-firmware/34-hardware-init-model-interfaces.md
G-archive-0024,G-archive-0017,source_archive,publishable,CP210x驱动.zip,dede2035c6adf91b1aeae9e04f81dbc12a7d165951ba93dbfe007ed92b5d5acb,8289506,https://github.com/EnosElinsa/wheeltec-ros-source-reference/tree/main/packages/G-archive-0017,https://github.com/EnosElinsa/wheeltec-ros-source-reference/releases/download/source-archive-2026-08-28/G-archive-0017__CP210x.zip,stm32,hardware_match_required,primary,docs/06-stm32-firmware/index.md|docs/06-stm32-firmware/34-hardware-init-model-interfaces.md
G-archive-0025,G-archive-0025,source_archive,publishable,位置速度控制代码.zip,14637891b781f99b6f30cf3fb9e560ff518b7d5ac5463caba9d2d0d529e04777,7492377,https://github.com/EnosElinsa/wheeltec-ros-source-reference/tree/main/packages/G-archive-0025,https://github.com/EnosElinsa/wheeltec-ros-source-reference/releases/download/source-archive-2026-08-28/G-archive-0025__archive.zip,stm32,hardware_match_required,primary,docs/06-stm32-firmware/index.md|docs/06-stm32-firmware/34-hardware-init-model-interfaces.md
G-archive-0026,G-archive-0026,source_archive,publishable,舵机控制代码.zip,3759d4c260af4ddf1baf95033412881e8f5eade44ca54b82fc6e1a0aa0d03887,6684581,https://github.com/EnosElinsa/wheeltec-ros-source-reference/tree/main/packages/G-archive-0026,https://github.com/EnosElinsa/wheeltec-ros-source-reference/releases/download/source-archive-2026-08-28/G-archive-0026__archive.zip,stm32,hardware_match_required,primary,docs/06-stm32-firmware/index.md|docs/06-stm32-firmware/34-hardware-init-model-interfaces.md
G-archive-0027,G-archive-0027,source_archive,publishable,舵机PID控制代码.zip,baeb217f536a3d042e40ddb027bdc886afd8baaf31e37796ae440ee265dfbe60,7476959,https://github.com/EnosElinsa/wheeltec-ros-source-reference/tree/main/packages/G-archive-0027,https://github.com/EnosElinsa/wheeltec-ros-source-reference/releases/download/source-archive-2026-08-28/G-archive-0027__PID.zip,stm32,hardware_match_required,primary,docs/06-stm32-firmware/index.md|docs/06-stm32-firmware/34-hardware-init-model-interfaces.md
G-archive-0028,G-archive-0028,source_archive,publishable,OLED.zip,83afd39bc12a61fd1a860870867275139674f09fd7051cdeb8e779579235573f,605915,https://github.com/EnosElinsa/wheeltec-ros-source-reference/tree/main/packages/G-archive-0028,https://github.com/EnosElinsa/wheeltec-ros-source-reference/releases/download/source-archive-2026-08-28/G-archive-0028__OLED.zip,stm32,hardware_match_required,primary,docs/06-stm32-firmware/index.md|docs/06-stm32-firmware/34-hardware-init-model-interfaces.md
G-archive-0029,G-archive-0029,source_archive,publishable,ICM20948.zip,027ca06f25ce20ef59162ba791f5592e4aeab25a4a5f805156306c9bd5df746d,617614,https://github.com/EnosElinsa/wheeltec-ros-source-reference/tree/main/packages/G-archive-0029,https://github.com/EnosElinsa/wheeltec-ros-source-reference/releases/download/source-archive-2026-08-28/G-archive-0029__ICM20948.zip,stm32,hardware_match_required,primary,docs/06-stm32-firmware/index.md|docs/06-stm32-firmware/34-hardware-init-model-interfaces.md
G-archive-0030,G-archive-0030,source_archive,publishable,ADC.zip,763d68e4fbdc31895f00953a4fee3a05e40ef391adb24a46e0b134d8ff90e6a0,618567,https://github.com/EnosElinsa/wheeltec-ros-source-reference/tree/main/packages/G-archive-0030,https://github.com/EnosElinsa/wheeltec-ros-source-reference/releases/download/source-archive-2026-08-28/G-archive-0030__ADC.zip,stm32,hardware_match_required,primary,docs/06-stm32-firmware/index.md|docs/06-stm32-firmware/34-hardware-init-model-interfaces.md
G-archive-0031,G-archive-0031,source_archive,publishable,KEY_BUZZER.zip,102f41784f7458d9cf6d1def67fd55ce946bbeab6aacb1d200e6f29683d5b70a,622850,https://github.com/EnosElinsa/wheeltec-ros-source-reference/tree/main/packages/G-archive-0031,https://github.com/EnosElinsa/wheeltec-ros-source-reference/releases/download/source-archive-2026-08-28/G-archive-0031__KEY_BUZZER.zip,stm32,hardware_match_required,primary,docs/06-stm32-firmware/index.md|docs/06-stm32-firmware/34-hardware-init-model-interfaces.md
G-archive-0032,G-archive-0032,source_archive,publishable,MOTOR.zip,496c708f1363fdf442114e290993703cd3168a9614b9113181ae63325195c837,627266,https://github.com/EnosElinsa/wheeltec-ros-source-reference/tree/main/packages/G-archive-0032,https://github.com/EnosElinsa/wheeltec-ros-source-reference/releases/download/source-archive-2026-08-28/G-archive-0032__MOTOR.zip,stm32,hardware_match_required,primary,docs/06-stm32-firmware/index.md|docs/06-stm32-firmware/34-hardware-init-model-interfaces.md
G-archive-0033,G-archive-0033,source_archive,publishable,Encoder.zip,83e18a1ee21d5921a30f32f7fd47512c76d25827ae1291cee511617f931b3ac5,631059,https://github.com/EnosElinsa/wheeltec-ros-source-reference/tree/main/packages/G-archive-0033,https://github.com/EnosElinsa/wheeltec-ros-source-reference/releases/download/source-archive-2026-08-28/G-archive-0033__Encoder.zip,stm32,hardware_match_required,primary,docs/06-stm32-firmware/index.md|docs/06-stm32-firmware/34-hardware-init-model-interfaces.md
G-archive-0034,G-archive-0034,source_archive,publishable,PID.zip,7a83f35da270fe97d46c2ddb6d59011a671fb5da600a5fcb81790d85a76b626e,638086,https://github.com/EnosElinsa/wheeltec-ros-source-reference/tree/main/packages/G-archive-0034,https://github.com/EnosElinsa/wheeltec-ros-source-reference/releases/download/source-archive-2026-08-28/G-archive-0034__PID.zip,stm32,hardware_match_required,primary,docs/06-stm32-firmware/index.md|docs/06-stm32-firmware/34-hardware-init-model-interfaces.md
G-archive-0035,G-archive-0035,source_archive,publishable,Servo.zip,c44a406793b51a628a36145f5172b4c5138ee8b22778c71bde8427fc214ba542,633438,https://github.com/EnosElinsa/wheeltec-ros-source-reference/tree/main/packages/G-archive-0035,https://github.com/EnosElinsa/wheeltec-ros-source-reference/releases/download/source-archive-2026-08-28/G-archive-0035__Servo.zip,stm32,hardware_match_required,primary,docs/06-stm32-firmware/index.md|docs/06-stm32-firmware/34-hardware-init-model-interfaces.md
G-archive-0036,G-archive-0036,source_archive,publishable,BlueToothAPP.zip,7710e1c81418bb405822c9510fbd688f9baab14d919669e4dc49a811bb94851f,648715,https://github.com/EnosElinsa/wheeltec-ros-source-reference/tree/main/packages/G-archive-0036,https://github.com/EnosElinsa/wheeltec-ros-source-reference/releases/download/source-archive-2026-08-28/G-archive-0036__BlueToothAPP.zip,stm32,hardware_match_required,primary,docs/06-stm32-firmware/index.md|docs/06-stm32-firmware/34-hardware-init-model-interfaces.md
G-archive-0037,G-archive-0037,source_archive,publishable,脚本文件.zip,958586f3113d6e50d868ee80821681985792e12fee10be875950846c3a9e95a4,889,https://github.com/EnosElinsa/wheeltec-ros-source-reference/tree/main/packages/G-archive-0037,https://github.com/EnosElinsa/wheeltec-ros-source-reference/releases/download/source-archive-2026-08-28/G-archive-0037__archive.zip,platform,platform_match_required,reference,docs/04-ros2-development/18-environment-and-source-selection.md|docs/09-deployment-maintenance/44-network-docker-images.md
G-archive-0038,G-archive-0038,source_archive,publishable,脚本文件以及Desktop文件_2025.08.27.zip,2f6aac5433646af5030149ee04af4416f62886afe8246ae4bdba127571bb210b,641,https://github.com/EnosElinsa/wheeltec-ros-source-reference/tree/main/packages/G-archive-0038,https://github.com/EnosElinsa/wheeltec-ros-source-reference/releases/download/source-archive-2026-08-28/G-archive-0038__Desktop__2025.08.27.zip,platform,platform_match_required,reference,docs/04-ros2-development/18-environment-and-source-selection.md|docs/09-deployment-maintenance/44-network-docker-images.md
G-archive-0039,G-archive-0039,source_archive,publishable,Orin_NX_AP_STA.zip,f148dbf68c22fcc09b7ad5d3d2bfd27d9ed85869ab8e960247b0befce82fcc1e,10623,https://github.com/EnosElinsa/wheeltec-ros-source-reference/tree/main/packages/G-archive-0039,https://github.com/EnosElinsa/wheeltec-ros-source-reference/releases/download/source-archive-2026-08-28/G-archive-0039__Orin_NX_AP_STA.zip,platform,platform_match_required,reference,docs/04-ros2-development/18-environment-and-source-selection.md|docs/09-deployment-maintenance/44-network-docker-images.md
G-archive-0040,G-archive-0040,source_archive,publishable,RaspberryPi5_AP_STA.zip,c67fe5aafaba8c4d8c92578bd440c4f3f4a3b998f54633df74569b8d79ff6e7b,9767,https://github.com/EnosElinsa/wheeltec-ros-source-reference/tree/main/packages/G-archive-0040,https://github.com/EnosElinsa/wheeltec-ros-source-reference/releases/download/source-archive-2026-08-28/G-archive-0040__RaspberryPi5_AP_STA.zip,platform,platform_match_required,reference,docs/04-ros2-development/18-environment-and-source-selection.md|docs/09-deployment-maintenance/44-network-docker-images.md
G-archive-0041,G-archive-0041,source_archive,publishable,RDK_X5_NET.zip,f4e8d0be1721b434309ec6c63c61b9e02bf8772c70d1041ef55cdb798cf8e57d,16195,https://github.com/EnosElinsa/wheeltec-ros-source-reference/tree/main/packages/G-archive-0041,https://github.com/EnosElinsa/wheeltec-ros-source-reference/releases/download/source-archive-2026-08-28/G-archive-0041__RDK_X5_NET.zip,platform,platform_match_required,reference,docs/04-ros2-development/18-environment-and-source-selection.md|docs/09-deployment-maintenance/44-network-docker-images.md
G-archive-0042,G-archive-0042,source_archive,publishable,common_msgs-noetic-devel.zip,ff5ea961d485e5a16488091975211852e82589dfdb8e7e1c55f6eedc5ea4f310,133347,https://github.com/EnosElinsa/wheeltec-ros-source-reference/tree/main/packages/G-archive-0042,https://github.com/EnosElinsa/wheeltec-ros-source-reference/releases/download/source-archive-2026-08-28/G-archive-0042__common_msgs-noetic-devel.zip,ros1,platform_match_required,reference,docs/appendices/a-ros1-maintenance.md
G-archive-0043,G-archive-0043,source_archive,publishable,std_msgs-kinetic-devel.zip,bebd21f2457ac860eadb832a7bf2b906ddaa275116c315aaf7b0304f66407309,28688,https://github.com/EnosElinsa/wheeltec-ros-source-reference/tree/main/packages/G-archive-0043,https://github.com/EnosElinsa/wheeltec-ros-source-reference/releases/download/source-archive-2026-08-28/G-archive-0043__std_msgs-kinetic-devel.zip,ros1,platform_match_required,reference,docs/appendices/a-ros1-maintenance.md
G-archive-0044,G-archive-0044,source_archive,publishable,yocs_velocity_smoother.zip,b34bbbb9e15a0618b536e51b265a94181f88d429e581d1b426c450c7585a67fe,18598,https://github.com/EnosElinsa/wheeltec-ros-source-reference/tree/main/packages/G-archive-0044,https://github.com/EnosElinsa/wheeltec-ros-source-reference/releases/download/source-archive-2026-08-28/G-archive-0044__yocs_velocity_smoother.zip,ros1,platform_match_required,reference,docs/appendices/a-ros1-maintenance.md
G-archive-0045,G-archive-0045,source_archive,publishable,geometry_tutorials-kinetic-devel.zip,7c2ee64281c8daf8a170ca21a790d02dd04ddfecb4503a31ef149c02d0cac266,42465,https://github.com/EnosElinsa/wheeltec-ros-source-reference/tree/main/packages/G-archive-0045,https://github.com/EnosElinsa/wheeltec-ros-source-reference/releases/download/source-archive-2026-08-28/G-archive-0045__geometry_tutorials-kinetic-devel.zip,ros1,platform_match_required,reference,docs/appendices/a-ros1-maintenance.md
G-archive-0046,G-archive-0046,source_archive,publishable,tf（static_transform_publisher）.zip,92d6d41f7cd5716bdc8b71237e92eecfc82ab7178c643406dbf19fb73fac6adf,219858,https://github.com/EnosElinsa/wheeltec-ros-source-reference/tree/main/packages/G-archive-0046,https://github.com/EnosElinsa/wheeltec-ros-source-reference/releases/download/source-archive-2026-08-28/G-archive-0046__tf_static_transform_publisher.zip,ros1,platform_match_required,reference,docs/appendices/a-ros1-maintenance.md
G-archive-0047,G-archive-0047,source_archive,publishable,turn_on_wheeltec_robot.zip,e5b2e658eae2a5224fac913e3f5d92c433a34631a21be54a3601ecf319b4b84e,330730493,https://github.com/EnosElinsa/wheeltec-ros-source-reference/tree/main/packages/G-archive-0047,https://github.com/EnosElinsa/wheeltec-ros-source-reference/releases/download/source-archive-2026-08-28/G-archive-0047__turn_on_wheeltec_robot.zip,ros1,platform_match_required,reference,docs/appendices/a-ros1-maintenance.md
G-archive-0048,G-archive-0048,source_archive,publishable,URDF原始导出功能包.zip,31a8774806e6dd8c4c81fcd4ae360cac04065e4eb8d4e2e250945f31f00dd373,260190294,https://github.com/EnosElinsa/wheeltec-ros-source-reference/tree/main/packages/G-archive-0048,https://github.com/EnosElinsa/wheeltec-ros-source-reference/releases/download/source-archive-2026-08-28/G-archive-0048__URDF.zip,ros1,platform_match_required,reference,docs/appendices/a-ros1-maintenance.md
G-archive-0049,G-archive-0049,source_archive,publishable,sh_manager.zip,fc4790b35f1bba66b128c7ff50457556662b53391359189b6492c404cb5e12a4,7450,https://github.com/EnosElinsa/wheeltec-ros-source-reference/tree/main/packages/G-archive-0049,https://github.com/EnosElinsa/wheeltec-ros-source-reference/releases/download/source-archive-2026-08-28/G-archive-0049__sh_manager.zip,ros1,platform_match_required,reference,docs/appendices/a-ros1-maintenance.md
G-archive-0050,G-archive-0050,source_archive,publishable,web_video_server.zip,43662058ad0d9d77a25469806f5dfd76efe8592e0a03cc24193ccaa750f1ce81,208745,https://github.com/EnosElinsa/wheeltec-ros-source-reference/tree/main/packages/G-archive-0050,https://github.com/EnosElinsa/wheeltec-ros-source-reference/releases/download/source-archive-2026-08-28/G-archive-0050__web_video_server.zip,ros1,platform_match_required,reference,docs/appendices/a-ros1-maintenance.md
G-archive-0051,G-archive-0051,source_archive,publishable,WHEELTEC-ROS_APP（安卓源码，仅提供源码，暂停维护与不提供技术支持）.zip,f516cda57008d1d0dad4cc9b8b9c1cfcd345c42631fef293410c78047b77e086,178307326,https://github.com/EnosElinsa/wheeltec-ros-source-reference/tree/main/packages/G-archive-0051,https://github.com/EnosElinsa/wheeltec-ros-source-reference/releases/download/source-archive-2026-08-28/G-archive-0051__WHEELTEC-ROS_APP.zip,ros1,platform_match_required,reference,docs/appendices/a-ros1-maintenance.md
G-archive-0052,G-archive-0052,source_archive,publishable,wheeltec_multi.rar,7f2a252129b1096ff7e7a438655037197bb43914d2f50dc180c2241623da521b,19589,https://github.com/EnosElinsa/wheeltec-ros-source-reference/tree/main/packages/G-archive-0052,https://github.com/EnosElinsa/wheeltec-ros-source-reference/releases/download/source-archive-2026-08-28/G-archive-0052__wheeltec_multi.rar,ros1,platform_match_required,reference,docs/appendices/a-ros1-maintenance.md
G-archive-0053,G-archive-0053,source_archive,publishable,wheeltec_multi.rar,52455d93934df48d659f44a79a6364a76340b984893d1d99054fef56803d137a,19614,https://github.com/EnosElinsa/wheeltec-ros-source-reference/tree/main/packages/G-archive-0053,https://github.com/EnosElinsa/wheeltec-ros-source-reference/releases/download/source-archive-2026-08-28/G-archive-0053__wheeltec_multi.rar,ros1,platform_match_required,reference,docs/appendices/a-ros1-maintenance.md
G-archive-0054,G-archive-0054,source_archive,publishable,qt_ros_test.zip,778f4a98d77841b1c23e6c8940ec50f669ee4943ed19a6a75054b3dcbdb6e897,58269894,https://github.com/EnosElinsa/wheeltec-ros-source-reference/tree/main/packages/G-archive-0054,https://github.com/EnosElinsa/wheeltec-ros-source-reference/releases/download/source-archive-2026-08-28/G-archive-0054__qt_ros_test.zip,ros1,platform_match_required,reference,docs/appendices/a-ros1-maintenance.md
G-archive-0055,G-archive-0055,source_archive,publishable,qt_ros_test.zip,73da12e94d72acb2ebc55772184c7361a5fa08290db4fb1d13e886cc117d9b29,128341,https://github.com/EnosElinsa/wheeltec-ros-source-reference/tree/main/packages/G-archive-0055,https://github.com/EnosElinsa/wheeltec-ros-source-reference/releases/download/source-archive-2026-08-28/G-archive-0055__qt_ros_test.zip,ros1,platform_match_required,reference,docs/appendices/a-ros1-maintenance.md
G-archive-0056,G-archive-0056,source_archive,publishable,qt_ros_test.zip,bff9bed9dff106c5d6df7c3271b944efed3967ec56ca4c38a0ac1402b25abfcb,1272960,https://github.com/EnosElinsa/wheeltec-ros-source-reference/tree/main/packages/G-archive-0056,https://github.com/EnosElinsa/wheeltec-ros-source-reference/releases/download/source-archive-2026-08-28/G-archive-0056__qt_ros_test.zip,ros1,platform_match_required,reference,docs/appendices/a-ros1-maintenance.md
G-archive-0057,G-archive-0057,source_archive,publishable,qt_ros_test.zip,2a7ab126ed4c93c24a9774848fc1781acffa1a65e3d0157e2dc9edd8eff278c7,1263074,https://github.com/EnosElinsa/wheeltec-ros-source-reference/tree/main/packages/G-archive-0057,https://github.com/EnosElinsa/wheeltec-ros-source-reference/releases/download/source-archive-2026-08-28/G-archive-0057__qt_ros_test.zip,ros1,platform_match_required,reference,docs/appendices/a-ros1-maintenance.md
G-archive-0058,G-archive-0058,source_archive,publishable,qt_ros_test.zip,77289610a31ebd0841afb1e32cebafab39660741bbeca04c19b90dddbb70bd7e,58272218,https://github.com/EnosElinsa/wheeltec-ros-source-reference/tree/main/packages/G-archive-0058,https://github.com/EnosElinsa/wheeltec-ros-source-reference/releases/download/source-archive-2026-08-28/G-archive-0058__qt_ros_test.zip,ros1,platform_match_required,reference,docs/appendices/a-ros1-maintenance.md
G-archive-0059,G-archive-0059,source_archive,publishable,bodyreader.zip,41e61510c1d89ae0312c4c6f852eb9d8b5cf0abb36a9dc20a1689dd610b03880,26679590,https://github.com/EnosElinsa/wheeltec-ros-source-reference/tree/main/packages/G-archive-0059,https://github.com/EnosElinsa/wheeltec-ros-source-reference/releases/download/source-archive-2026-08-28/G-archive-0059__bodyreader.zip,ros1,platform_match_required,reference,docs/appendices/a-ros1-maintenance.md
G-archive-0060,G-archive-0060,source_archive,publishable,bodyreader.zip,f8d3dc9f03d3e7044e99eea99f3baf6163d14be288b5e66e2b3531c7b26179b8,26680382,https://github.com/EnosElinsa/wheeltec-ros-source-reference/tree/main/packages/G-archive-0060,https://github.com/EnosElinsa/wheeltec-ros-source-reference/releases/download/source-archive-2026-08-28/G-archive-0060__bodyreader.zip,ros1,platform_match_required,reference,docs/appendices/a-ros1-maintenance.md
G-archive-0061,G-archive-0061,source_archive,publishable,bodyreader.zip,31c9dd6c4ed439b820c6edf0d9fe21265163c837a9c9f1e372254f8a6c43417a,26679590,https://github.com/EnosElinsa/wheeltec-ros-source-reference/tree/main/packages/G-archive-0061,https://github.com/EnosElinsa/wheeltec-ros-source-reference/releases/download/source-archive-2026-08-28/G-archive-0061__bodyreader.zip,ros1,platform_match_required,reference,docs/appendices/a-ros1-maintenance.md
G-archive-0062,G-archive-0062,source_archive,publishable,bodyreader.zip,de537c87c92b5c4555ed94eb577b9feace121b364e8f6a654dbfb955ef4d574c,26679590,https://github.com/EnosElinsa/wheeltec-ros-source-reference/tree/main/packages/G-archive-0062,https://github.com/EnosElinsa/wheeltec-ros-source-reference/releases/download/source-archive-2026-08-28/G-archive-0062__bodyreader.zip,ros1,platform_match_required,reference,docs/appendices/a-ros1-maintenance.md
G-archive-0063,G-archive-0063,source_archive,publishable,orb_slam_2_ros-master.zip,bb6ea5a1f3222f63a87dbe96747fd151b164c8976f7d307d413280bebbc31888,77354576,https://github.com/EnosElinsa/wheeltec-ros-source-reference/tree/main/packages/G-archive-0063,https://github.com/EnosElinsa/wheeltec-ros-source-reference/releases/download/source-archive-2026-08-28/G-archive-0063__orb_slam_2_ros-master.zip,ros1,platform_match_required,reference,docs/appendices/a-ros1-maintenance.md
G-archive-0064,G-archive-0064,source_archive,publishable,wheeltec_joy_control.zip,494992e75333c7d75a27bc9af9a9a08f90366114fcf90eacd60073d88e64db16,11998,https://github.com/EnosElinsa/wheeltec-ros-source-reference/tree/main/packages/G-archive-0064,https://github.com/EnosElinsa/wheeltec-ros-source-reference/releases/download/source-archive-2026-08-28/G-archive-0064__wheeltec_joy_control.zip,ros1,platform_match_required,reference,docs/appendices/a-ros1-maintenance.md
G-archive-0065,G-archive-0065,source_archive,publishable,wheeltec_joy_control.zip,e9237086dba56e42c14202e249ae733c00aa311d0b4aaadd5ca65191945b48ae,12581,https://github.com/EnosElinsa/wheeltec-ros-source-reference/tree/main/packages/G-archive-0065,https://github.com/EnosElinsa/wheeltec-ros-source-reference/releases/download/source-archive-2026-08-28/G-archive-0065__wheeltec_joy_control.zip,ros1,platform_match_required,reference,docs/appendices/a-ros1-maintenance.md
G-archive-0066,G-archive-0066,source_archive,publishable,wheeltec_robot_gazebo.zip,fc4ccd4945628547816b95c9fa560563b0d8728ea110b86ad67a5419a06b3c8d,16892688,https://github.com/EnosElinsa/wheeltec-ros-source-reference/tree/main/packages/G-archive-0066,https://github.com/EnosElinsa/wheeltec-ros-source-reference/releases/download/source-archive-2026-08-28/G-archive-0066__wheeltec_robot_gazebo.zip,ros1,platform_match_required,reference,docs/appendices/a-ros1-maintenance.md
G-archive-0067,G-archive-0067,source_archive,publishable,ipa_exploration.zip,bf193eacc4c40100bb40fa00d538570bc01e9a68896ca58cf121f9ab72c61291,310021,https://github.com/EnosElinsa/wheeltec-ros-source-reference/tree/main/packages/G-archive-0067,https://github.com/EnosElinsa/wheeltec-ros-source-reference/releases/download/source-archive-2026-08-28/G-archive-0067__ipa_exploration.zip,ros1,platform_match_required,reference,docs/appendices/a-ros1-maintenance.md
G-archive-0068,G-archive-0068,source_archive,publishable,darknet_ros.zip,1ae0eccabce39657d0a5668c9fb25ee380b19a860177d3e66bb1e4ab7bb8ebbf,1030545754,https://github.com/EnosElinsa/wheeltec-ros-source-reference/tree/main/packages/G-archive-0068,https://github.com/EnosElinsa/wheeltec-ros-source-reference/releases/download/source-archive-2026-08-28/G-archive-0068__darknet_ros.zip,ros1,platform_match_required,reference,docs/appendices/a-ros1-maintenance.md
G-archive-0069,G-archive-0069,source_archive,publishable,wheeltec_yolo_action.zip,69fa504895dd05dda8a2996ecf2c4eb653588d44ec9f9b05ef40465b6add7cbf,23268,https://github.com/EnosElinsa/wheeltec-ros-source-reference/tree/main/packages/G-archive-0069,https://github.com/EnosElinsa/wheeltec-ros-source-reference/releases/download/source-archive-2026-08-28/G-archive-0069__wheeltec_yolo_action.zip,ros1,platform_match_required,reference,docs/appendices/a-ros1-maintenance.md
G-archive-0070,G-archive-0070,source_archive,publishable,darknet.zip,7ec4deba0c5289abc034026871d0e8d24e055ec803e3fa7fb0c075067214a595,8169628,https://github.com/EnosElinsa/wheeltec-ros-source-reference/tree/main/packages/G-archive-0070,https://github.com/EnosElinsa/wheeltec-ros-source-reference/releases/download/source-archive-2026-08-28/G-archive-0070__darknet.zip,ros1,platform_match_required,reference,docs/appendices/a-ros1-maintenance.md
G-archive-0071,G-archive-0071,source_archive,publishable,VOCdevkit.zip,121ae2578f424b67e3ebfef8ca666453cdbafaa33a5bba6b12227d18d348d262,193089855,https://github.com/EnosElinsa/wheeltec-ros-source-reference/tree/main/packages/G-archive-0071,https://github.com/EnosElinsa/wheeltec-ros-source-reference/releases/download/source-archive-2026-08-28/G-archive-0071__VOCdevkit.zip,ros1,platform_match_required,reference,docs/appendices/a-ros1-maintenance.md
G-archive-0072,G-archive-0072,non_source_archive,catalog_only_non_source,windows_labelimg.zip,7f1e8bb10577a7ef517b15fc518bec4209cc58a7e555525ed793432e8f9b5970,13152461,,,ros1,platform_match_required,reference,docs/appendices/a-ros1-maintenance.md
G-archive-0073,G-archive-0073,source_archive,publishable,darknet_ros.zip,2d1e706b40a8d09a3944354eaf3211bd8dd5d704f6288a8edbe42eb8d622a911,892878126,https://github.com/EnosElinsa/wheeltec-ros-source-reference/tree/main/packages/G-archive-0073,https://github.com/EnosElinsa/wheeltec-ros-source-reference/releases/download/source-archive-2026-08-28/G-archive-0073__darknet_ros.zip,ros1,platform_match_required,reference,docs/appendices/a-ros1-maintenance.md
G-archive-0074,G-archive-0074,source_archive,publishable,wheeltec_jetracer.zip,a3266c6ada44d2e7438570f69020dd983b4e0c661c7c4724e168c436a74d1035,108229226,https://github.com/EnosElinsa/wheeltec-ros-source-reference/tree/main/packages/G-archive-0074,https://github.com/EnosElinsa/wheeltec-ros-source-reference/releases/download/source-archive-2026-08-28/G-archive-0074__wheeltec_jetracer.zip,ros1,platform_match_required,reference,docs/appendices/a-ros1-maintenance.md
G-archive-0075,G-archive-0075,source_archive,publishable,wheeltec_jetracer.zip,3f2d844c57cd5de6d715fcedf424d4978d0e49ff350fb6c35b4d389bb779ea46,108229229,https://github.com/EnosElinsa/wheeltec-ros-source-reference/tree/main/packages/G-archive-0075,https://github.com/EnosElinsa/wheeltec-ros-source-reference/releases/download/source-archive-2026-08-28/G-archive-0075__wheeltec_jetracer.zip,ros1,platform_match_required,reference,docs/appendices/a-ros1-maintenance.md
G-archive-0076,G-archive-0076,source_archive,publishable,wheeltec_jetracer.zip,e77cc0f02a67bc570d6018213799fa56240ef9596a9a5f7a0754545004e06757,84950086,https://github.com/EnosElinsa/wheeltec-ros-source-reference/tree/main/packages/G-archive-0076,https://github.com/EnosElinsa/wheeltec-ros-source-reference/releases/download/source-archive-2026-08-28/G-archive-0076__wheeltec_jetracer.zip,ros1,platform_match_required,reference,docs/appendices/a-ros1-maintenance.md
G-archive-0077,G-archive-0077,non_source_archive,catalog_only_non_source,apex.zip,5fc56246b9b92d22f4dfcf52fce72d4c75eac44f0ebe3cc5baaff2695f6e8352,18522195,,,ros1,platform_match_required,reference,docs/appendices/a-ros1-maintenance.md
G-archive-0078,G-archive-0078,source_archive,publishable,pytorch-tutorial-master.zip,9f5a50b1088aa6af2d9132e02573e3bad8a24a69594dfa255690e5cb0c37afa6,10280095,https://github.com/EnosElinsa/wheeltec-ros-source-reference/tree/main/packages/G-archive-0078,https://github.com/EnosElinsa/wheeltec-ros-source-reference/releases/download/source-archive-2026-08-28/G-archive-0078__pytorch-tutorial-master.zip,ros1,platform_match_required,reference,docs/appendices/a-ros1-maintenance.md
G-archive-0079,G-archive-0079,source_archive,publishable,tensorflow-master.zip,def1b6d00128dcca92636302bf2b3f9f67cd638d8175027b595f3f97304d7a99,90629217,https://github.com/EnosElinsa/wheeltec-ros-source-reference/tree/main/packages/G-archive-0079,https://github.com/EnosElinsa/wheeltec-ros-source-reference/releases/download/source-archive-2026-08-28/G-archive-0079__tensorflow-master.zip,ros1,platform_match_required,reference,docs/appendices/a-ros1-maintenance.md
G-archive-0080,G-archive-0080,source_archive,publishable,mobilenet-yolov4-pytorch.zip,8be86e9cebc56f09eca155d1e9ceb4b67dea3e0614e4ce7cb6c876046c51bb0f,252375377,https://github.com/EnosElinsa/wheeltec-ros-source-reference/tree/main/packages/G-archive-0080,https://github.com/EnosElinsa/wheeltec-ros-source-reference/releases/download/source-archive-2026-08-28/G-archive-0080__mobilenet-yolov4-pytorch.zip,ros1,platform_match_required,reference,docs/appendices/a-ros1-maintenance.md
G-archive-0081,G-archive-0081,source_archive,publishable,yolov4-tiny-tf2.zip,e4dbf39c6664c6204f8e47a2feca5aed989c051f7ac4e6b48d888b8d30838e67,142252768,https://github.com/EnosElinsa/wheeltec-ros-source-reference/tree/main/packages/G-archive-0081,https://github.com/EnosElinsa/wheeltec-ros-source-reference/releases/download/source-archive-2026-08-28/G-archive-0081__yolov4-tiny-tf2.zip,ros1,platform_match_required,reference,docs/appendices/a-ros1-maintenance.md
G-archive-0082,G-archive-0082,source_archive,publishable,turn_on_wheeltec_robot.zip,e97ae4f1723cb78382fc5218466fd94e1460d9fe73918a8817ad1fae0a0b9fdc,190808,https://github.com/EnosElinsa/wheeltec-ros-source-reference/tree/main/packages/G-archive-0082,https://github.com/EnosElinsa/wheeltec-ros-source-reference/releases/download/source-archive-2026-08-28/G-archive-0082__turn_on_wheeltec_robot.zip,ros1,platform_match_required,reference,docs/appendices/a-ros1-maintenance.md
G-archive-0083,G-archive-0083,source_archive,publishable,ros_astra_camera.zip,8f31afa43b73ea874fea0ef1bd62ad10f9bbdc25bd8e15019760c659eca28ef1,29153171,https://github.com/EnosElinsa/wheeltec-ros-source-reference/tree/main/packages/G-archive-0083,https://github.com/EnosElinsa/wheeltec-ros-source-reference/releases/download/source-archive-2026-08-28/G-archive-0083__ros_astra_camera.zip,ros1,platform_match_required,reference,docs/appendices/a-ros1-maintenance.md
G-archive-0084,G-archive-0084,source_archive,publishable,web_video_server.zip,383382576315ffff74add9eb6df54024c10dcbfa17f04be34cca3372eedf5ba7,208745,https://github.com/EnosElinsa/wheeltec-ros-source-reference/tree/main/packages/G-archive-0084,https://github.com/EnosElinsa/wheeltec-ros-source-reference/releases/download/source-archive-2026-08-28/G-archive-0084__web_video_server.zip,ros1,platform_match_required,reference,docs/appendices/a-ros1-maintenance.md
G-archive-0085,G-archive-0085,source_archive,publishable,ddynamic_reconfigure-kinetic-devel.zip,d34036c6dfc605b00a6d37f6711d64240706eb8762e4a04ed4dd0c5810c25e6a,20348,https://github.com/EnosElinsa/wheeltec-ros-source-reference/tree/main/packages/G-archive-0085,https://github.com/EnosElinsa/wheeltec-ros-source-reference/releases/download/source-archive-2026-08-28/G-archive-0085__ddynamic_reconfigure-kinetic-devel.zip,ros1,platform_match_required,reference,docs/appendices/a-ros1-maintenance.md
G-archive-0086,G-archive-0086,source_archive,publishable,librealsense-master.zip,9e28786fa632e0258e9376d25589c1c48e8a69be2faceb07de44f304d97d2e3f,64581251,https://github.com/EnosElinsa/wheeltec-ros-source-reference/tree/main/packages/G-archive-0086,https://github.com/EnosElinsa/wheeltec-ros-source-reference/releases/download/source-archive-2026-08-28/G-archive-0086__librealsense-master.zip,ros1,platform_match_required,reference,docs/appendices/a-ros1-maintenance.md
G-archive-0087,G-archive-0087,source_archive,publishable,realsense-ros-development.zip,95798b4239847c44471ccdafa1f8f6d7e36da25c70ea9c6a0b8e4214bc2aeab9,10745372,https://github.com/EnosElinsa/wheeltec-ros-source-reference/tree/main/packages/G-archive-0087,https://github.com/EnosElinsa/wheeltec-ros-source-reference/releases/download/source-archive-2026-08-28/G-archive-0087__realsense-ros-development.zip,ros1,platform_match_required,reference,docs/appendices/a-ros1-maintenance.md
G-archive-0088,G-archive-0088,source_archive,publishable,ros_object_detection.zip,80075b14c61bb7b6eb93f33fe51f90ac74c17740836cfcd6e3984e1d17784232,318690137,https://github.com/EnosElinsa/wheeltec-ros-source-reference/tree/main/packages/G-archive-0088,https://github.com/EnosElinsa/wheeltec-ros-source-reference/releases/download/source-archive-2026-08-28/G-archive-0088__ros_object_detection.zip,ros1,platform_match_required,reference,docs/appendices/a-ros1-maintenance.md
G-archive-0089,G-archive-0089,source_archive,publishable,cv_bridge.zip,8347ef9c287cc3983c27f7a7c50a199046430cca0a1a95b29df0bf4b7fc9d1d6,199905,https://github.com/EnosElinsa/wheeltec-ros-source-reference/tree/main/packages/G-archive-0089,https://github.com/EnosElinsa/wheeltec-ros-source-reference/releases/download/source-archive-2026-08-28/G-archive-0089__cv_bridge.zip,ros1,platform_match_required,reference,docs/appendices/a-ros1-maintenance.md
G-archive-0090,G-archive-0090,source_archive,publishable,wheeltec_robot.zip,3f1a9ea6281c9e424c09f6e28ba80ead5b3d59dbe14dea7fe87f2953eb79a493,3749398,https://github.com/EnosElinsa/wheeltec-ros-source-reference/tree/main/packages/G-archive-0090,https://github.com/EnosElinsa/wheeltec-ros-source-reference/releases/download/source-archive-2026-08-28/G-archive-0090__wheeltec_robot.zip,ros1,platform_match_required,reference,docs/appendices/a-ros1-maintenance.md
G-archive-0091,G-archive-0091,source_archive,publishable,wheeltec_robot_urdf.zip,d6e3cdec0157907f335b10858d1bfa3442b7d837d253007a2e8d67678c4bb2f6,315289086,https://github.com/EnosElinsa/wheeltec-ros-source-reference/tree/main/packages/G-archive-0091,https://github.com/EnosElinsa/wheeltec-ros-source-reference/releases/download/source-archive-2026-08-28/G-archive-0091__wheeltec_robot_urdf.zip,ros2,platform_match_required,primary,docs/04-ros2-development/index.md
G-archive-0092,G-archive-0092,source_archive,publishable,nav2_waypoint_cycle.zip,7c07b9c8263162b12d4e7cd197de025bfb8a23cd562b38ad6ac4bc3add18afeb,6583,https://github.com/EnosElinsa/wheeltec-ros-source-reference/tree/main/packages/G-archive-0092,https://github.com/EnosElinsa/wheeltec-ros-source-reference/releases/download/source-archive-2026-08-28/G-archive-0092__nav2_waypoint_cycle.zip,ros2,platform_match_required,primary,docs/04-ros2-development/index.md
G-archive-0093,G-archive-0093,source_archive,publishable,wheeltec_multi.rar,6043f070a91bb29c95d78b9f3934926c84fa86049a419ec76c9c413112a7e165,18518,https://github.com/EnosElinsa/wheeltec-ros-source-reference/tree/main/packages/G-archive-0093,https://github.com/EnosElinsa/wheeltec-ros-source-reference/releases/download/source-archive-2026-08-28/G-archive-0093__wheeltec_multi.rar,ros2,platform_match_required,primary,docs/04-ros2-development/index.md
G-archive-0094,G-archive-0094,source_archive,publishable,wheeltec_multi.zip,3b630c174ba7b8733bb72471de15005aa44bc23aa69815cdb8bab52f5762f317,21517,https://github.com/EnosElinsa/wheeltec-ros-source-reference/tree/main/packages/G-archive-0094,https://github.com/EnosElinsa/wheeltec-ros-source-reference/releases/download/source-archive-2026-08-28/G-archive-0094__wheeltec_multi.zip,ros2,platform_match_required,primary,docs/04-ros2-development/index.md
G-archive-0095,G-archive-0095,source_archive,publishable,qt_ros_test.zip,a120cc85bd65738295648ac328754655836113be2e30533adb6203201dc78b1f,8990956,https://github.com/EnosElinsa/wheeltec-ros-source-reference/tree/main/packages/G-archive-0095,https://github.com/EnosElinsa/wheeltec-ros-source-reference/releases/download/source-archive-2026-08-28/G-archive-0095__qt_ros_test.zip,ros2,platform_match_required,primary,docs/04-ros2-development/index.md
G-archive-0096,G-archive-0096,source_archive,publishable,qt_ros_test.zip,c3fbdc9c09c690a044a7cb456e66e5d010765112f34b0db71e83559e3e160598,8899184,https://github.com/EnosElinsa/wheeltec-ros-source-reference/tree/main/packages/G-archive-0096,https://github.com/EnosElinsa/wheeltec-ros-source-reference/releases/download/source-archive-2026-08-28/G-archive-0096__qt_ros_test.zip,ros2,platform_match_required,primary,docs/04-ros2-development/index.md
G-archive-0097,G-archive-0097,source_archive,publishable,qt_ros_test.zip,a1047ae6e33fb46deec7c42721dc3d5dedd01ed387db90fba30e5a80d9d769e9,8913150,https://github.com/EnosElinsa/wheeltec-ros-source-reference/tree/main/packages/G-archive-0097,https://github.com/EnosElinsa/wheeltec-ros-source-reference/releases/download/source-archive-2026-08-28/G-archive-0097__qt_ros_test.zip,ros2,platform_match_required,primary,docs/04-ros2-development/index.md
G-archive-0098,G-archive-0098,source_archive,publishable,qt_ros_test.zip,554915cf3a9dd8b8467f078d20debb1e116d8fb4d7ebc2c19ed8643c0196c57f,126937,https://github.com/EnosElinsa/wheeltec-ros-source-reference/tree/main/packages/G-archive-0098,https://github.com/EnosElinsa/wheeltec-ros-source-reference/releases/download/source-archive-2026-08-28/G-archive-0098__qt_ros_test.zip,ros2,platform_match_required,primary,docs/04-ros2-development/index.md
G-archive-0099,G-archive-0099,source_archive,publishable,qt_ros_test.zip,c031c786e3de9e2f097af937ef5e58e06b86e7397ed57ba016f19965174542b7,126639,https://github.com/EnosElinsa/wheeltec-ros-source-reference/tree/main/packages/G-archive-0099,https://github.com/EnosElinsa/wheeltec-ros-source-reference/releases/download/source-archive-2026-08-28/G-archive-0099__qt_ros_test.zip,ros2,platform_match_required,primary,docs/04-ros2-development/index.md
G-archive-0100,G-archive-0100,source_archive,publishable,qt_ros_test.zip,a3392d73b7513e599ed1387e5eacce736ce3e7b078b08851296a7aead679d3f8,126922,https://github.com/EnosElinsa/wheeltec-ros-source-reference/tree/main/packages/G-archive-0100,https://github.com/EnosElinsa/wheeltec-ros-source-reference/releases/download/source-archive-2026-08-28/G-archive-0100__qt_ros_test.zip,ros2,platform_match_required,primary,docs/04-ros2-development/index.md
G-archive-0101,G-archive-0101,source_archive,publishable,orb_slam_2_ros-ros2.zip,90f02007809f22d56c7bbb203ba2c74cb403c3a81a97f6f6a65f61a0ec9a8c46,76955220,https://github.com/EnosElinsa/wheeltec-ros-source-reference/tree/main/packages/G-archive-0101,https://github.com/EnosElinsa/wheeltec-ros-source-reference/releases/download/source-archive-2026-08-28/G-archive-0101__orb_slam_2_ros-ros2.zip,ros2,platform_match_required,primary,docs/04-ros2-development/index.md
G-archive-0102,G-archive-0102,source_archive,publishable,orb_slam_2_ros.zip,9a7ce52307ac3107dc8a89a7c73e83556ec1ed1e64355bf2eaadc8a953d9a5fc,153325356,https://github.com/EnosElinsa/wheeltec-ros-source-reference/tree/main/packages/G-archive-0102,https://github.com/EnosElinsa/wheeltec-ros-source-reference/releases/download/source-archive-2026-08-28/G-archive-0102__orb_slam_2_ros.zip,ros2,platform_match_required,primary,docs/04-ros2-development/index.md
G-archive-0103,G-archive-0103,source_archive,publishable,wheeltec_path_follow.zip,b2cb588f202c9c47a9a3f461f5df6845fbce1b4e9711486f21c15d07b605093a,7103,https://github.com/EnosElinsa/wheeltec-ros-source-reference/tree/main/packages/G-archive-0103,https://github.com/EnosElinsa/wheeltec-ros-source-reference/releases/download/source-archive-2026-08-28/G-archive-0103__wheeltec_path_follow.zip,ros2,platform_match_required,primary,docs/04-ros2-development/index.md
G-archive-0104,G-archive-0104,source_archive,publishable,bodyreader.zip,cdf963e2fb7bf9a996a2d26686ddb2bb7848dfda0dfd79b6fe0f8269bc59fbbe,26682551,https://github.com/EnosElinsa/wheeltec-ros-source-reference/tree/main/packages/G-archive-0104,https://github.com/EnosElinsa/wheeltec-ros-source-reference/releases/download/source-archive-2026-08-28/G-archive-0104__bodyreader.zip,ros2,platform_match_required,primary,docs/04-ros2-development/index.md
G-archive-0105,G-archive-0104,source_archive,publishable,bodyreader.zip,cdf963e2fb7bf9a996a2d26686ddb2bb7848dfda0dfd79b6fe0f8269bc59fbbe,26682551,https://github.com/EnosElinsa/wheeltec-ros-source-reference/tree/main/packages/G-archive-0104,https://github.com/EnosElinsa/wheeltec-ros-source-reference/releases/download/source-archive-2026-08-28/G-archive-0104__bodyreader.zip,ros2,platform_match_required,primary,docs/04-ros2-development/index.md
G-archive-0106,G-archive-0104,source_archive,publishable,bodyreader.zip,cdf963e2fb7bf9a996a2d26686ddb2bb7848dfda0dfd79b6fe0f8269bc59fbbe,26682551,https://github.com/EnosElinsa/wheeltec-ros-source-reference/tree/main/packages/G-archive-0104,https://github.com/EnosElinsa/wheeltec-ros-source-reference/releases/download/source-archive-2026-08-28/G-archive-0104__bodyreader.zip,ros2,platform_match_required,primary,docs/04-ros2-development/index.md
G-archive-0107,G-archive-0104,source_archive,publishable,bodyreader.zip,cdf963e2fb7bf9a996a2d26686ddb2bb7848dfda0dfd79b6fe0f8269bc59fbbe,26682551,https://github.com/EnosElinsa/wheeltec-ros-source-reference/tree/main/packages/G-archive-0104,https://github.com/EnosElinsa/wheeltec-ros-source-reference/releases/download/source-archive-2026-08-28/G-archive-0104__bodyreader.zip,ros2,platform_match_required,primary,docs/04-ros2-development/index.md
G-archive-0108,G-archive-0108,source_archive,publishable,dataset.zip,1f8053cf3c918cd56318ba44833e16882c05c3c8d4e18145d933bf9bec9b789c,31399312,https://github.com/EnosElinsa/wheeltec-ros-source-reference/tree/main/packages/G-archive-0108,https://github.com/EnosElinsa/wheeltec-ros-source-reference/releases/download/source-archive-2026-08-28/G-archive-0108__dataset.zip,ros2,platform_match_required,primary,docs/04-ros2-development/index.md
G-archive-0109,G-archive-0109,source_archive,publishable,ros2沙盘源码.zip,8cb4d1b796f1a810befd7c99d25e4bebfaf812fb3a8b949923a1463dcc236de5,182050022,https://github.com/EnosElinsa/wheeltec-ros-source-reference/tree/main/packages/G-archive-0109,https://github.com/EnosElinsa/wheeltec-ros-source-reference/releases/download/source-archive-2026-08-28/G-archive-0109__ros2.zip,ros2,platform_match_required,primary,docs/04-ros2-development/index.md
G-archive-0110,G-archive-0110,source_archive,publishable,tts_make_ros2.zip,3269c725a045f7ea49836576ef7307c19e1b4b60767903721d87cbaff0ba1018,34434190,https://github.com/EnosElinsa/wheeltec-ros-source-reference/tree/main/packages/G-archive-0110,https://github.com/EnosElinsa/wheeltec-ros-source-reference/releases/download/source-archive-2026-08-28/G-archive-0110__tts_make_ros2.zip,ros2,platform_match_required,primary,docs/04-ros2-development/index.md
G-archive-0111,G-archive-0111,source_archive,publishable,AP_STA热点配置文件更新.zip,8f9d8842a50ac400c18ab5a336fec78ec726c268643bda9cd222e3c0b41110bf,5129277,https://github.com/EnosElinsa/wheeltec-ros-source-reference/tree/main/packages/G-archive-0111,https://github.com/EnosElinsa/wheeltec-ros-source-reference/releases/download/source-archive-2026-08-28/G-archive-0111__AP_STA.zip,ros2,platform_match_required,primary,docs/04-ros2-development/index.md
G-archive-0112,G-archive-0112,source_archive,publishable,interfaces.zip,f8802b6f5cf787675854e7eb7adcc4179ac8b6d8c8a9724e289787d458f00bee,2105,https://github.com/EnosElinsa/wheeltec-ros-source-reference/tree/main/packages/G-archive-0112,https://github.com/EnosElinsa/wheeltec-ros-source-reference/releases/download/source-archive-2026-08-28/G-archive-0112__interfaces.zip,ros2,platform_match_required,primary,docs/04-ros2-development/index.md
G-archive-0113,G-archive-0113,source_archive,publishable,largemodel.zip,51039d36f7269d540b02239c389c93b61e8f468f02ae79f8723956bbe80659c6,543841,https://github.com/EnosElinsa/wheeltec-ros-source-reference/tree/main/packages/G-archive-0113,https://github.com/EnosElinsa/wheeltec-ros-source-reference/releases/download/source-archive-2026-08-28/G-archive-0113__largemodel.zip,ros2,platform_match_required,primary,docs/04-ros2-development/index.md
G-archive-0114,G-archive-0114,source_archive,publishable,ROS1_树5_wheeltec_arm_src_20260106.zip,f3130333129572778311fc55cd04f5a859f11d13a8be57f8df678d7f7135c9a1,15298358,https://github.com/EnosElinsa/wheeltec-ros-source-reference/tree/main/packages/G-archive-0114,https://github.com/EnosElinsa/wheeltec-ros-source-reference/releases/download/source-archive-2026-08-28/G-archive-0114__ROS1__5_wheeltec_arm_src_20260106.zip,platform-source,platform_match_required,variant,docs/04-ros2-development/18-environment-and-source-selection.md
G-archive-0115,G-archive-0115,source_archive,publishable,ROS1树5_A150_SRC_Melodic_src_20260106.zip,0288d21e163c5dfced7ceceaa94064e5d385389b0d492644216b6aaa2c6d5fdd,20367716,https://github.com/EnosElinsa/wheeltec-ros-source-reference/tree/main/packages/G-archive-0115,https://github.com/EnosElinsa/wheeltec-ros-source-reference/releases/download/source-archive-2026-08-28/G-archive-0115__ROS1_5_A150_SRC_Melodic_src_20260106.zip,platform-source,platform_match_required,variant,docs/04-ros2-development/18-environment-and-source-selection.md
G-archive-0116,G-archive-0116,source_archive,publishable,ROS1树5_wheeltec_robot_bak_src_20260106.zip,5430b859a43f39f3cf6ad6c10908d98e2c8d5efd752867f2fb3c36d8e522ffe9,387781485,https://github.com/EnosElinsa/wheeltec-ros-source-reference/tree/main/packages/G-archive-0116,https://github.com/EnosElinsa/wheeltec-ros-source-reference/releases/download/source-archive-2026-08-28/G-archive-0116__ROS1_5_wheeltec_robot_bak_src_20260106.zip,platform-source,platform_match_required,variant,docs/04-ros2-development/18-environment-and-source-selection.md
G-archive-0117,G-archive-0117,source_archive,publishable,ROS1树5_wheeltec_robot_src_20260106.zip,e5dc39ac0c432c48e06c2a0fde429a7fa6d98116a2786cac31123fce339078c0,773758796,https://github.com/EnosElinsa/wheeltec-ros-source-reference/tree/main/packages/G-archive-0117,https://github.com/EnosElinsa/wheeltec-ros-source-reference/releases/download/source-archive-2026-08-28/G-archive-0117__ROS1_5_wheeltec_robot_src_20260106.zip,platform-source,platform_match_required,variant,docs/04-ros2-development/18-environment-and-source-selection.md
G-archive-0118,G-archive-0118,source_archive,publishable,src.zip,3b9ddbef0f4a77542e78ec7c1694b031197c72bb99d9e8efc08db341f9de9980,31389,https://github.com/EnosElinsa/wheeltec-ros-source-reference/tree/main/packages/G-archive-0118,https://github.com/EnosElinsa/wheeltec-ros-source-reference/releases/download/source-archive-2026-08-28/G-archive-0118__src.zip,platform-source,platform_match_required,variant,docs/04-ros2-development/18-environment-and-source-selection.md
G-archive-0119,G-archive-0119,source_archive,publishable,src.zip,d95d34f9e05f550ba90538ca3b7e6c53d9a430ba4f1df8d1b7de90ed85909275,32959,https://github.com/EnosElinsa/wheeltec-ros-source-reference/tree/main/packages/G-archive-0119,https://github.com/EnosElinsa/wheeltec-ros-source-reference/releases/download/source-archive-2026-08-28/G-archive-0119__src.zip,platform-source,platform_match_required,variant,docs/04-ros2-development/18-environment-and-source-selection.md
G-archive-0120,G-archive-0120,source_archive,publishable,src.zip,2d0f83559be15bfa96b9be9eaf866d08863f17dd8f2dae772f3cac1e117434a3,31395,https://github.com/EnosElinsa/wheeltec-ros-source-reference/tree/main/packages/G-archive-0120,https://github.com/EnosElinsa/wheeltec-ros-source-reference/releases/download/source-archive-2026-08-28/G-archive-0120__src.zip,platform-source,platform_match_required,variant,docs/04-ros2-development/18-environment-and-source-selection.md
G-archive-0121,G-archive-0121,source_archive,publishable,wheeltec_arm_src_20260116.zip,b959d9f27d094e59f3c59bd40479e571b6bb8f15012ba0acf56ae32471942f14,15296290,https://github.com/EnosElinsa/wheeltec-ros-source-reference/tree/main/packages/G-archive-0121,https://github.com/EnosElinsa/wheeltec-ros-source-reference/releases/download/source-archive-2026-08-28/G-archive-0121__wheeltec_arm_src_20260116.zip,platform-source,platform_match_required,variant,docs/04-ros2-development/18-environment-and-source-selection.md
G-archive-0122,G-archive-0122,source_archive,publishable,wheeltec_robot_src_20260116.zip,8f5c9fc7f33f852cc22e1532545c515bbe90bbdf787709aef97679ea5fb5e80e,1752007010,https://github.com/EnosElinsa/wheeltec-ros-source-reference/tree/main/packages/G-archive-0122,https://github.com/EnosElinsa/wheeltec-ros-source-reference/releases/download/source-archive-2026-08-28/G-archive-0122__wheeltec_robot_src_20260116.zip,platform-source,platform_match_required,variant,docs/04-ros2-development/18-environment-and-source-selection.md
G-archive-0123,G-archive-0123,source_archive,publishable,wheeltec_arm_melodic_src_20241022.zip,868e2777cb03b280fcf535964e76c0d560d51deab6216a1c55534853f9b27992,15176521,https://github.com/EnosElinsa/wheeltec-ros-source-reference/tree/main/packages/G-archive-0123,https://github.com/EnosElinsa/wheeltec-ros-source-reference/releases/download/source-archive-2026-08-28/G-archive-0123__wheeltec_arm_melodic_src_20241022.zip,platform-source,platform_match_required,variant,docs/04-ros2-development/18-environment-and-source-selection.md
G-archive-0124,G-archive-0124,source_archive,publishable,wheeltec_robot_melodic_src_20241022.zip,50cb9dbfcaebf5522fb66e3d7d16f637cee9f0ac515a51613abf7d205656eb88,1305772956,https://github.com/EnosElinsa/wheeltec-ros-source-reference/tree/main/packages/G-archive-0124,https://github.com/EnosElinsa/wheeltec-ros-source-reference/releases/download/source-archive-2026-08-28/G-archive-0124__wheeltec_robot_melodic_src_20241022.zip,platform-source,platform_match_required,variant,docs/04-ros2-development/18-environment-and-source-selection.md
G-archive-0125,G-archive-0125,source_archive,publishable,Autoware_src_20251022.zip,1e17a7658d20dd02b7929ba418e303865b3861b53d7bfdc2b27e0e72f405a88d,399456990,https://github.com/EnosElinsa/wheeltec-ros-source-reference/tree/main/packages/G-archive-0125,https://github.com/EnosElinsa/wheeltec-ros-source-reference/releases/download/source-archive-2026-08-28/G-archive-0125__Autoware_src_20251022.zip,platform-source,platform_match_required,variant,docs/04-ros2-development/18-environment-and-source-selection.md
G-archive-0126,G-archive-0126,source_archive,publishable,cartographer_noetic(v1.2).zip,e529c019a02b48eb1c84783ab23c386caefaab65fcd2f469b95fbf719045b931,33376433,https://github.com/EnosElinsa/wheeltec-ros-source-reference/tree/main/packages/G-archive-0126,https://github.com/EnosElinsa/wheeltec-ros-source-reference/releases/download/source-archive-2026-08-28/G-archive-0126__cartographer_noetic_v1.2.zip,platform-source,platform_match_required,variant,docs/04-ros2-development/18-environment-and-source-selection.md
G-archive-0127,G-archive-0127,source_archive,publishable,cartographer_ws_src_20251022.zip,1a08bf9f7ffe2b58d8927d0d72655479e793fed144799308779f49ce40eba5ec,57010613,https://github.com/EnosElinsa/wheeltec-ros-source-reference/tree/main/packages/G-archive-0127,https://github.com/EnosElinsa/wheeltec-ros-source-reference/releases/download/source-archive-2026-08-28/G-archive-0127__cartographer_ws_src_20251022.zip,platform-source,platform_match_required,variant,docs/04-ros2-development/18-environment-and-source-selection.md
G-archive-0128,G-archive-0126,source_archive,publishable,cartographer_noetic(v1.2).zip,e529c019a02b48eb1c84783ab23c386caefaab65fcd2f469b95fbf719045b931,33376433,https://github.com/EnosElinsa/wheeltec-ros-source-reference/tree/main/packages/G-archive-0126,https://github.com/EnosElinsa/wheeltec-ros-source-reference/releases/download/source-archive-2026-08-28/G-archive-0126__cartographer_noetic_v1.2.zip,platform-source,platform_match_required,variant,docs/04-ros2-development/18-environment-and-source-selection.md
G-archive-0129,G-archive-0129,source_archive,publishable,JP514_noetic_wheeltec_arm_241205.zip,a4cb0a02755454d28db7f2a5c8bd149869a8acd43a92208405bbfc987c4449b5,15296572,https://github.com/EnosElinsa/wheeltec-ros-source-reference/tree/main/packages/G-archive-0129,https://github.com/EnosElinsa/wheeltec-ros-source-reference/releases/download/source-archive-2026-08-28/G-archive-0129__JP514_noetic_wheeltec_arm_241205.zip,platform-source,platform_match_required,variant,docs/04-ros2-development/18-environment-and-source-selection.md
G-archive-0130,G-archive-0130,source_archive,publishable,JP514_noetic_wheeltec_lidar_241205.zip,b14426994a5e5c5111a3a4a2db189ff2226a6c933ea759752cda099effc381d9,96640420,https://github.com/EnosElinsa/wheeltec-ros-source-reference/tree/main/packages/G-archive-0130,https://github.com/EnosElinsa/wheeltec-ros-source-reference/releases/download/source-archive-2026-08-28/G-archive-0130__JP514_noetic_wheeltec_lidar_241205.zip,platform-source,platform_match_required,variant,docs/04-ros2-development/18-environment-and-source-selection.md
G-archive-0131,G-archive-0131,source_archive,publishable,JP514_noetic_wheeltec_robot_src_241205.zip,8fd5600befc1528cc0c2ce24936a2910aad8b4741ce8c21896bd466130482087,1338257271,https://github.com/EnosElinsa/wheeltec-ros-source-reference/tree/main/packages/G-archive-0131,https://github.com/EnosElinsa/wheeltec-ros-source-reference/releases/download/source-archive-2026-08-28/G-archive-0131__JP514_noetic_wheeltec_robot_src_241205.zip,platform-source,platform_match_required,variant,docs/04-ros2-development/18-environment-and-source-selection.md
G-archive-0132,G-archive-0132,source_archive,publishable,JP515_wheeltec_robot_src_20251226.zip,f83d15f316b4720c9fbca9017b658d7ada910c2e2ffcb065ed7ef601d3b58183,1835241361,https://github.com/EnosElinsa/wheeltec-ros-source-reference/tree/main/packages/G-archive-0132,https://github.com/EnosElinsa/wheeltec-ros-source-reference/releases/download/source-archive-2026-08-28/G-archive-0132__JP515_wheeltec_robot_src_20251226.zip,platform-source,platform_match_required,variant,docs/04-ros2-development/18-environment-and-source-selection.md
G-archive-0133,G-archive-0133,source_archive,publishable,noetic_src_20241022.zip,20059899e1d51fb0383c0f435c1b3f46a34f4c0e31231dc3ef8e2dbda98e8ed2,1111178864,https://github.com/EnosElinsa/wheeltec-ros-source-reference/tree/main/packages/G-archive-0133,https://github.com/EnosElinsa/wheeltec-ros-source-reference/releases/download/source-archive-2026-08-28/G-archive-0133__noetic_src_20241022.zip,platform-source,platform_match_required,variant,docs/04-ros2-development/18-environment-and-source-selection.md
G-archive-0134,G-archive-0134,source_archive,publishable,wheeltec_arm_noetic_src_20241022.zip,5ecb9c9faed4d4e06a703bb751c1680ff2d4569ab56e02efbdc92d5ef4fa1e72,15184777,https://github.com/EnosElinsa/wheeltec-ros-source-reference/tree/main/packages/G-archive-0134,https://github.com/EnosElinsa/wheeltec-ros-source-reference/releases/download/source-archive-2026-08-28/G-archive-0134__wheeltec_arm_noetic_src_20241022.zip,platform-source,platform_match_required,variant,docs/04-ros2-development/18-environment-and-source-selection.md
G-archive-0135,G-archive-0135,source_archive,publishable,wheeltec_arm_src_20251022.zip,6e46a1028a5525454fd2c7655ccf94d5c39af66ad4498114094c17c4231bb747,15296290,https://github.com/EnosElinsa/wheeltec-ros-source-reference/tree/main/packages/G-archive-0135,https://github.com/EnosElinsa/wheeltec-ros-source-reference/releases/download/source-archive-2026-08-28/G-archive-0135__wheeltec_arm_src_20251022.zip,platform-source,platform_match_required,variant,docs/04-ros2-development/18-environment-and-source-selection.md
G-archive-0136,G-archive-0136,source_archive,publishable,wheeltec_lidar_src_20251022.zip,dfaaaac42b4d7b437c1bfb343fc8e084408890bc99f1ccccbde686e6ffc80363,104718227,https://github.com/EnosElinsa/wheeltec-ros-source-reference/tree/main/packages/G-archive-0136,https://github.com/EnosElinsa/wheeltec-ros-source-reference/releases/download/source-archive-2026-08-28/G-archive-0136__wheeltec_lidar_src_20251022.zip,platform-source,platform_match_required,variant,docs/04-ros2-development/18-environment-and-source-selection.md
G-archive-0137,G-archive-0137,source_archive,publishable,R550ForX3-src(foxy)20231218.zip,0041bfaa030c84295dc55f8d9b37ebf1caea3b7ff0c0686e3393541d9d56debc,32498597,https://github.com/EnosElinsa/wheeltec-ros-source-reference/tree/main/packages/G-archive-0137,https://github.com/EnosElinsa/wheeltec-ros-source-reference/releases/download/source-archive-2026-08-28/G-archive-0137__R550ForX3-src_foxy_20231218.zip,platform-source,platform_match_required,variant,docs/04-ros2-development/18-environment-and-source-selection.md
G-archive-0138,G-archive-0138,source_archive,publishable,galactic_src_2409.zip,d4d910a84b54e572d461d1b995de324dd5ed0184c1e9f9866f648ad6dcb0b2a0,164808392,https://github.com/EnosElinsa/wheeltec-ros-source-reference/tree/main/packages/G-archive-0138,https://github.com/EnosElinsa/wheeltec-ros-source-reference/releases/download/source-archive-2026-08-28/G-archive-0138__galactic_src_2409.zip,platform-source,platform_match_required,variant,docs/04-ros2-development/18-environment-and-source-selection.md
G-archive-0139,G-archive-0139,source_archive,publishable,nano_src_250401.zip,3e0f55b570fc795fe0538106ae2303b3d796b7cab9f8ab0fdb21eddede235029,154836887,https://github.com/EnosElinsa/wheeltec-ros-source-reference/tree/main/packages/G-archive-0139,https://github.com/EnosElinsa/wheeltec-ros-source-reference/releases/download/source-archive-2026-08-28/G-archive-0139__nano_src_250401.zip,platform-source,platform_match_required,variant,docs/04-ros2-development/18-environment-and-source-selection.md
G-archive-0140,G-archive-0140,source_archive,publishable,树5_wheeltec_ros2_src_20260518.zip,7f5834ea5f2959d2597647e9a8ccfd74d94a064f1c11248ce744b2eabac052f2,700634281,https://github.com/EnosElinsa/wheeltec-ros-source-reference/tree/main/packages/G-archive-0140,https://github.com/EnosElinsa/wheeltec-ros-source-reference/releases/download/source-archive-2026-08-28/G-archive-0140__5_wheeltec_ros2_src_20260518.zip,platform-source,platform_match_required,variant,docs/04-ros2-development/18-environment-and-source-selection.md
G-archive-0141,G-archive-0141,source_archive,publishable,Atlas_wheeltec_ros2_src_20260713.zip,1176fc11086415463e174a2a30da52090bde277158da345a63360f7906d54565,842610265,https://github.com/EnosElinsa/wheeltec-ros-source-reference/tree/main/packages/G-archive-0141,https://github.com/EnosElinsa/wheeltec-ros-source-reference/releases/download/source-archive-2026-08-28/G-archive-0141__Atlas_wheeltec_ros2_src_20260713.zip,platform-source,platform_match_required,variant,docs/04-ros2-development/18-environment-and-source-selection.md
G-archive-0142,G-archive-0142,source_archive,publishable,JP6.2_autoware_data_20260518.zip,8c2f884e3e1194c4bba71ac052d66ef7ebd92a6294825add7ca8c651bda938f8,1477149870,https://github.com/EnosElinsa/wheeltec-ros-source-reference/tree/main/packages/G-archive-0142,https://github.com/EnosElinsa/wheeltec-ros-source-reference/releases/download/source-archive-2026-08-28/G-archive-0142__JP6.2_autoware_data_20260518.zip,platform-source,platform_match_required,variant,docs/04-ros2-development/18-environment-and-source-selection.md
G-archive-0143,G-archive-0143,source_archive,publishable,JP6.2_autoware_src_20260518.zip,d22804aab45f61558b1f17617272b8172e723f5d151dd2681b55d6a74cd6a9f2,1405528292,https://github.com/EnosElinsa/wheeltec-ros-source-reference/tree/main/packages/G-archive-0143,https://github.com/EnosElinsa/wheeltec-ros-source-reference/releases/download/source-archive-2026-08-28/G-archive-0143__JP6.2_autoware_src_20260518.zip,platform-source,platform_match_required,variant,docs/04-ros2-development/18-environment-and-source-selection.md
G-archive-0144,G-archive-0144,source_archive,publishable,JP6.2_wheeltec_ros2_src_20260518.zip,8b736bca599126a01210ae06289e1121760c8c067486d0b3cdab7ad2af001c69,1178971652,https://github.com/EnosElinsa/wheeltec-ros-source-reference/tree/main/packages/G-archive-0144,https://github.com/EnosElinsa/wheeltec-ros-source-reference/releases/download/source-archive-2026-08-28/G-archive-0144__JP6.2_wheeltec_ros2_src_20260518.zip,platform-source,platform_match_required,variant,docs/04-ros2-development/18-environment-and-source-selection.md
G-archive-0145,G-archive-0145,source_archive,publishable,JP6.2_wheeltec_stepper_arm_src_20260518.zip,98557432844cc41a13feea1cbcc04907e0e20199b551080ed7cf6a526343b983,25423,https://github.com/EnosElinsa/wheeltec-ros-source-reference/tree/main/packages/G-archive-0145,https://github.com/EnosElinsa/wheeltec-ros-source-reference/releases/download/source-archive-2026-08-28/G-archive-0145__JP6.2_wheeltec_stepper_arm_src_20260518.zip,platform-source,platform_match_required,variant,docs/04-ros2-development/18-environment-and-source-selection.md
G-archive-0146,G-archive-0146,source_archive,publishable,x3_src_250401.zip,7ede40ab1f653389f9722b6806aed657a37581c017f298ab9f20308040d58e23,534000843,https://github.com/EnosElinsa/wheeltec-ros-source-reference/tree/main/packages/G-archive-0146,https://github.com/EnosElinsa/wheeltec-ros-source-reference/releases/download/source-archive-2026-08-28/G-archive-0146__x3_src_250401.zip,platform-source,platform_match_required,variant,docs/04-ros2-development/18-environment-and-source-selection.md
G-archive-0147,G-archive-0147,source_archive,publishable,X5_wheeltec_ros2_src_20260612.zip,a13fc28d7ad1bd9dd036c6270fad9a6d45f087e689e3be3d9abb06b50e84e8e7,830526595,https://github.com/EnosElinsa/wheeltec-ros-source-reference/tree/main/packages/G-archive-0147,https://github.com/EnosElinsa/wheeltec-ros-source-reference/releases/download/source-archive-2026-08-28/G-archive-0147__X5_wheeltec_ros2_src_20260612.zip,platform-source,platform_match_required,variant,docs/04-ros2-development/18-environment-and-source-selection.md
G-archive-0148,G-archive-0148,source_archive,publishable,X5_wheeltec_stepper_arm_src_20260612.zip,a4c7d1eb1d1cbe91a470b14c3c6954546b9054ab53877d84341a8dcb1e20af65,24991,https://github.com/EnosElinsa/wheeltec-ros-source-reference/tree/main/packages/G-archive-0148,https://github.com/EnosElinsa/wheeltec-ros-source-reference/releases/download/source-archive-2026-08-28/G-archive-0148__X5_wheeltec_stepper_arm_src_20260612.zip,platform-source,platform_match_required,variant,docs/04-ros2-development/18-environment-and-source-selection.md
G-archive-0149,G-archive-0149,source_archive,publishable,X5_wheeltec_tros_src_20260612.zip,215c4de3cefbc29d810a847991be59872dd11e6bbdba0bb4cc70c6bea5672253,49612705,https://github.com/EnosElinsa/wheeltec-ros-source-reference/tree/main/packages/G-archive-0149,https://github.com/EnosElinsa/wheeltec-ros-source-reference/releases/download/source-archive-2026-08-28/G-archive-0149__X5_wheeltec_tros_src_20260612.zip,platform-source,platform_match_required,variant,docs/04-ros2-development/18-environment-and-source-selection.md
G-archive-0150,G-archive-0150,source_archive,publishable,Jetson_TX1_src_2023_05_08.zip,a3cb69daa1c346fe8b04b0cf6aa4732a96ec5f024c0503a4ba11186003269d0a,1216968285,https://github.com/EnosElinsa/wheeltec-ros-source-reference/tree/main/packages/G-archive-0150,https://github.com/EnosElinsa/wheeltec-ros-source-reference/releases/download/source-archive-2026-08-28/G-archive-0150__Jetson_TX1_src_2023_05_08.zip,platform-source,platform_match_required,variant,docs/04-ros2-development/18-environment-and-source-selection.md
G-archive-0151,G-archive-0151,source_archive,publishable,Orin_Nano_src_2024_7_17.zip,df17deb4a64eae50bf184fa750ed93f13341ac2e2c43e4390fb1972ba3cb1f00,803465009,https://github.com/EnosElinsa/wheeltec-ros-source-reference/tree/main/packages/G-archive-0151,https://github.com/EnosElinsa/wheeltec-ros-source-reference/releases/download/source-archive-2026-08-28/G-archive-0151__Orin_Nano_src_2024_7_17.zip,platform-source,platform_match_required,variant,docs/04-ros2-development/18-environment-and-source-selection.md
G-archive-0152,G-archive-0152,source_archive,publishable,wheeltec_robot_src_2025_8_12(Docker).zip,e8cfb298c0aa527c1758239c43701da6cbdd9e3af40f678b5a1157b6116f263f,152717053,https://github.com/EnosElinsa/wheeltec-ros-source-reference/tree/main/packages/G-archive-0152,https://github.com/EnosElinsa/wheeltec-ros-source-reference/releases/download/source-archive-2026-08-28/G-archive-0152__wheeltec_robot_src_2025_8_12_Docker.zip,platform-source,platform_match_required,variant,docs/04-ros2-development/18-environment-and-source-selection.md
G-archive-0153,G-archive-0153,source_archive,publishable,WHEELTEC_S300_Pro_robot_src_2025_8_12.zip,60b3adb4b5693d424ca4edf32873ed7f570ccf75ef3196f736cd0bf9ecefc8a3,153839778,https://github.com/EnosElinsa/wheeltec-ros-source-reference/tree/main/packages/G-archive-0153,https://github.com/EnosElinsa/wheeltec-ros-source-reference/releases/download/source-archive-2026-08-28/G-archive-0153__WHEELTEC_S300_Pro_robot_src_2025_8_12.zip,platform-source,platform_match_required,variant,docs/04-ros2-development/18-environment-and-source-selection.md
G-archive-0154,G-archive-0154,source_archive,publishable,WHEELTEC_S300Pro_Mini_ROS2_ROBOT_SDK_20260401.zip,f3326ef53e6fbdd0dd4df2b6c226091a2f235e376ae2169cbcf95dae03222f5c,189580810,https://github.com/EnosElinsa/wheeltec-ros-source-reference/tree/main/packages/G-archive-0154,https://github.com/EnosElinsa/wheeltec-ros-source-reference/releases/download/source-archive-2026-08-28/G-archive-0154__WHEELTEC_S300Pro_Mini_ROS2_ROBOT_SDK_20260401.zip,platform-source,platform_match_required,variant,docs/04-ros2-development/18-environment-and-source-selection.md
G-archive-0155,G-archive-0155,non_source_archive,catalog_only_non_source,驱动_CH340驱动(USB串口驱动)_XP_WIN7_WIN8_WIN10共用.zip,f628cca187af6bf9969e0659594a4da809780a2aa06d1fc08b08889b37fcee36,137032,,,software-tools,reference_only,reference,docs/appendices/c-software-tools.md
G-archive-0156,G-archive-0156,non_source_archive,catalog_only_non_source,驱动_CH9102驱动与资料_2024.12.13.zip,82611641e9dba0f35bcc216dc2d42b7dbed07d307474c04ebc2750556d1a914a,1791650,,,software-tools,reference_only,reference,docs/appendices/c-software-tools.md
G-archive-0157,G-archive-0157,source_archive,publishable,驱动_CP2102usb驱动.zip,d7e28ba5155f880dc105a9278d94a539e16da8d7796ea81cd7fb8e1d2e78768e,3857196,https://github.com/EnosElinsa/wheeltec-ros-source-reference/tree/main/packages/G-archive-0157,https://github.com/EnosElinsa/wheeltec-ros-source-reference/releases/download/source-archive-2026-08-28/G-archive-0157__CP2102usb.zip,software-tools,reference_only,reference,docs/appendices/c-software-tools.md
G-archive-0158,G-archive-0158,source_archive,publishable,CP2102修改串口号软件(除串口号，其它不可修改).zip,f96fc1ab4a487cc93e73b4dd19f99ee6d04f0878561f6090d9c1b20cea829276,40416933,https://github.com/EnosElinsa/wheeltec-ros-source-reference/tree/main/packages/G-archive-0158,https://github.com/EnosElinsa/wheeltec-ros-source-reference/releases/download/source-archive-2026-08-28/G-archive-0158__CP2102.zip,software-tools,reference_only,reference,docs/appendices/c-software-tools.md
G-archive-0159,G-archive-0159,source_archive,publishable,SD卡格式化工具_鲁班猫专用.zip,ea58a5aa2f222d28cbc27782b8ffb7448e47bbd46e64cf6e7112129f36e86b52,478363,https://github.com/EnosElinsa/wheeltec-ros-source-reference/tree/main/packages/G-archive-0159,https://github.com/EnosElinsa/wheeltec-ros-source-reference/releases/download/source-archive-2026-08-28/G-archive-0159__SD.zip,software-tools,reference_only,reference,docs/appendices/c-software-tools.md
G-archive-0160,G-archive-0160,non_source_archive,catalog_only_non_source,SD卡格式化工具.zip,86a04e59f0475e3a96ee518f7abc1b7f9ce0b3ea50ba8d4755bd6370d0f50ac2,418038,,,software-tools,reference_only,reference,docs/appendices/c-software-tools.md
G-archive-0161,G-archive-0161,source_archive,publishable,DriverAssitant_v5.11.zip,d9c020c544bf449b2114ace11678e8d2f532f88954239f82a8552ea7252cfd63,9813168,https://github.com/EnosElinsa/wheeltec-ros-source-reference/tree/main/packages/G-archive-0161,https://github.com/EnosElinsa/wheeltec-ros-source-reference/releases/download/source-archive-2026-08-28/G-archive-0161__DriverAssitant_v5.11.zip,controller-platform,platform_match_required,reference,docs/appendices/b-platform-matrix.md|docs/09-deployment-maintenance/44-network-docker-images.md
G-archive-0162,G-archive-0162,source_archive,publishable,RKDevTool_v3.15_for_window.zip,47c0a5e050990949237c9b46806fa38e6da30274f7c03ee4169d775495498434,3224133,https://github.com/EnosElinsa/wheeltec-ros-source-reference/tree/main/packages/G-archive-0162,https://github.com/EnosElinsa/wheeltec-ros-source-reference/releases/download/source-archive-2026-08-28/G-archive-0162__RKDevTool_v3.15_for_window.zip,controller-platform,platform_match_required,reference,docs/appendices/b-platform-matrix.md|docs/09-deployment-maintenance/44-network-docker-images.md
G-archive-0163,G-archive-0159,source_archive,publishable,SDDiskTool_v1.69.zip,ea58a5aa2f222d28cbc27782b8ffb7448e47bbd46e64cf6e7112129f36e86b52,478363,https://github.com/EnosElinsa/wheeltec-ros-source-reference/tree/main/packages/G-archive-0159,https://github.com/EnosElinsa/wheeltec-ros-source-reference/releases/download/source-archive-2026-08-28/G-archive-0159__SD.zip,controller-platform,platform_match_required,reference,docs/appendices/b-platform-matrix.md|docs/09-deployment-maintenance/44-network-docker-images.md
G-archive-0164,G-archive-0164,non_source_archive,catalog_only_non_source,SD卡格式化工具.zip,31e1d28ce3756bfe6d4decaad0df981120d32f1626e2ee605dbfdb5bc9c696eb,849187,,,controller-platform,platform_match_required,reference,docs/appendices/b-platform-matrix.md|docs/09-deployment-maintenance/44-network-docker-images.md
G-archive-0165,G-archive-0165,non_source_archive,catalog_only_non_source,WIN32Disk.rar,7dbb611fb8168cc78c70c562934f1b59a01f49abc7de37b5eefdd4ae60b5fc95,13867649,,,controller-platform,platform_match_required,reference,docs/appendices/b-platform-matrix.md|docs/09-deployment-maintenance/44-network-docker-images.md
G-archive-0166,G-archive-0166,non_source_archive,catalog_only_non_source,RaspberryPi5-step.zip,232fb90be5f08a852b60233d7cc61032a98d384a96770dcd28ac0fef6dbd715f,1089150,,,controller-platform,platform_match_required,reference,docs/appendices/b-platform-matrix.md|docs/09-deployment-maintenance/44-network-docker-images.md
G-archive-0167,G-archive-0164,non_source_archive,catalog_only_non_source,SD卡格式化工具.zip,31e1d28ce3756bfe6d4decaad0df981120d32f1626e2ee605dbfdb5bc9c696eb,849187,,,controller-platform,platform_match_required,reference,docs/appendices/b-platform-matrix.md|docs/09-deployment-maintenance/44-network-docker-images.md
G-archive-0168,G-archive-0165,non_source_archive,catalog_only_non_source,WIN32Disk.rar,7dbb611fb8168cc78c70c562934f1b59a01f49abc7de37b5eefdd4ae60b5fc95,13867649,,,controller-platform,platform_match_required,reference,docs/appendices/b-platform-matrix.md|docs/09-deployment-maintenance/44-network-docker-images.md
G-archive-0169,G-archive-0169,non_source_archive,catalog_only_non_source,Jetson Nano Developer Kit (B01).rar,61c3fa2d4a1ea96fa5df973913fbaf87d8b2761d955f427fc5729284fc930fd2,33331246,,,controller-platform,platform_match_required,reference,docs/appendices/b-platform-matrix.md|docs/09-deployment-maintenance/44-network-docker-images.md
G-archive-0170,G-archive-0170,non_source_archive,catalog_only_non_source,Jetson_Nano_Carrier_Board_Design_Files_B01.zip,27a3fc2df230cb12546af6d303a5fcd454d7760fa8ed850718a70b8c00a60c17,22937194,,,controller-platform,platform_match_required,reference,docs/appendices/b-platform-matrix.md|docs/09-deployment-maintenance/44-network-docker-images.md
G-archive-0171,G-archive-0171,non_source_archive,catalog_only_non_source,Jetson_Nano_Dev_Kit_3D_b01.zip,73c30bf5712d177f735cab336bff24e518c864cd6f6070b90ee184ad229ac604,9317989,,,controller-platform,platform_match_required,reference,docs/appendices/b-platform-matrix.md|docs/09-deployment-maintenance/44-network-docker-images.md
G-archive-0172,G-archive-0172,non_source_archive,catalog_only_non_source,Jetson_TX1_TX2_Developer_Kit_Camera_Module_Design_Files_A01.zip,d20dc63aa5f5955335db46be7f72b836008e337fc9eb4d2c2fb783bb51aad1e9,1996364,,,controller-platform,platform_match_required,reference,docs/appendices/b-platform-matrix.md|docs/09-deployment-maintenance/44-network-docker-images.md
G-archive-0173,G-archive-0173,non_source_archive,catalog_only_non_source,Jetson_TX1_TX2_Developer_Kit_Carrier_Board_Design_Files_C02.zip,ac3b8df5f11de5a0e0b239ff05b490cb0b324a65a7cfc6cc5f2ef6ff9a414974,31543709,,,controller-platform,platform_match_required,reference,docs/appendices/b-platform-matrix.md|docs/09-deployment-maintenance/44-network-docker-images.md
G-archive-0174,G-archive-0174,source_archive,publishable,robot-controller_ROS2.zip,8977a21b04db1d6f063e6cadd8d5759e2da4f1d103ae1785d5af74896657e7dd,100092,https://github.com/EnosElinsa/wheeltec-ros-source-reference/tree/main/packages/G-archive-0174,https://github.com/EnosElinsa/wheeltec-ros-source-reference/releases/download/source-archive-2026-08-28/G-archive-0174__robot-controller_ROS2.zip,advanced-ai,platform_match_required,reference,docs/07-advanced-applications/41-voice-ai-openclaw.md
G-archive-0175,G-archive-0175,source_archive,publishable,wheeltec_robot_kcf_model.zip,6bfff6b0e102bd0fb16ffa6a69123213f319104374703268387352ceea7b4b75,5106272,https://github.com/EnosElinsa/wheeltec-ros-source-reference/tree/main/packages/G-archive-0175,https://github.com/EnosElinsa/wheeltec-ros-source-reference/releases/download/source-archive-2026-08-28/G-archive-0175__wheeltec_robot_kcf_model.zip,advanced-ai,platform_match_required,reference,docs/07-advanced-applications/41-voice-ai-openclaw.md
R-archive-0001,R-archive-0001,source_archive,publishable,WHEELTEC_C50X_2026.05.29测试代码霍尔编码器.zip,180c4f3441e422775fda624ad3e6c04fe54e73c4c9a57fc9cfa55f0cac54ef69,29160861,https://github.com/EnosElinsa/wheeltec-ros-source-reference/tree/main/packages/R-archive-0001,https://github.com/EnosElinsa/wheeltec-ros-source-reference/releases/download/source-archive-2026-08-28/R-archive-0001__WHEELTEC_C50X_2026.05.29.zip,r680-hardware,hardware_match_required,variant,docs/08-r680-platform/42-r680-hardware-wiring-oled.md|docs/08-r680-platform/43-r680-debug-source-firmware.md
R-archive-0002,R-archive-0002,source_archive,publishable,WHEELTEC_C50X测试代码_2026.05.29.zip,7d688dcc04396cce223bdb8445af6dee4748253f86fcbbfd07b1aeb84965ce09,29717146,https://github.com/EnosElinsa/wheeltec-ros-source-reference/tree/main/packages/R-archive-0002,https://github.com/EnosElinsa/wheeltec-ros-source-reference/releases/download/source-archive-2026-08-28/R-archive-0002__WHEELTEC_C50X__2026.05.29.zip,r680-hardware,hardware_match_required,variant,docs/08-r680-platform/42-r680-hardware-wiring-oled.md|docs/08-r680-platform/43-r680-debug-source-firmware.md
R-archive-0003,R-archive-0003,source_archive,publishable,R550PLUS_C50C_8驱麦轮大车_2023.12.04.zip,5889a548e14d0e75ece3b26d24ba416858484712d0c8cb5a1d5b56e6027442a7,2802130,https://github.com/EnosElinsa/wheeltec-ros-source-reference/tree/main/packages/R-archive-0003,https://github.com/EnosElinsa/wheeltec-ros-source-reference/releases/download/source-archive-2026-08-28/R-archive-0003__R550PLUS_C50C_8__2023.12.04.zip,r680,hardware_match_required,primary,docs/08-r680-platform/43-r680-debug-source-firmware.md
R-archive-0004,R-archive-0004,source_archive,publishable,WHEELTEC_C50C_2025.06.10_从机.zip,57604cd359107b34a1495ab1eb5a6fef04e7e613b3a3b9bb435ad382d653a982,1366452,https://github.com/EnosElinsa/wheeltec-ros-source-reference/tree/main/packages/R-archive-0004,https://github.com/EnosElinsa/wheeltec-ros-source-reference/releases/download/source-archive-2026-08-28/R-archive-0004__WHEELTEC_C50C_2025.06.10.zip,r680,hardware_match_required,primary,docs/08-r680-platform/43-r680-debug-source-firmware.md
R-archive-0005,R-archive-0005,source_archive,publishable,WHEELTEC_C50C_2025.10.17_主机.zip,e463f8196d37add2e773160c70afc33ca0d483c82b7538b84e2fe5685b9a462e,1382375,https://github.com/EnosElinsa/wheeltec-ros-source-reference/tree/main/packages/R-archive-0005,https://github.com/EnosElinsa/wheeltec-ros-source-reference/releases/download/source-archive-2026-08-28/R-archive-0005__WHEELTEC_C50C_2025.10.17.zip,r680,hardware_match_required,primary,docs/08-r680-platform/43-r680-debug-source-firmware.md
R-archive-0006,R-archive-0006,source_archive,publishable,WHEELTEC_C50X_2026.08.25.zip,9b94dad885bf081d0a677bc8e40081f9bd7ce7f6b4b54b6cd520b713e7a83e19,27153130,https://github.com/EnosElinsa/wheeltec-ros-source-reference/tree/main/packages/R-archive-0006,https://github.com/EnosElinsa/wheeltec-ros-source-reference/releases/download/source-archive-2026-08-28/R-archive-0006__WHEELTEC_C50X_2026.08.25.zip,r680,hardware_match_required,primary,docs/08-r680-platform/43-r680-debug-source-firmware.md
R-archive-0007,R-archive-0007,source_archive,publishable,WHEELTEC_C50X_2026.05.29霍尔编码器.zip,8ae2d4e7633899a40b253f2b6df98a3e80fa379356ebc14df9211e89effe5063,1515658,https://github.com/EnosElinsa/wheeltec-ros-source-reference/tree/main/packages/R-archive-0007,https://github.com/EnosElinsa/wheeltec-ros-source-reference/releases/download/source-archive-2026-08-28/R-archive-0007__WHEELTEC_C50X_2026.05.29.zip,r680,hardware_match_required,primary,docs/08-r680-platform/43-r680-debug-source-firmware.md
R-archive-0008,R-archive-0008,source_archive,publishable,R550PLUS_C50C_8驱麦轮大车_2023.12.04.zip,99c1a7b9d3049a422142cc4399b8429c12c998d3a4f344ac0789555094e53bf6,30956858,https://github.com/EnosElinsa/wheeltec-ros-source-reference/tree/main/packages/R-archive-0008,https://github.com/EnosElinsa/wheeltec-ros-source-reference/releases/download/source-archive-2026-08-28/R-archive-0008__R550PLUS_C50C_8__2023.12.04.zip,r680,hardware_match_required,primary,docs/08-r680-platform/43-r680-debug-source-firmware.md
R-archive-0009,R-archive-0009,source_archive,publishable,R550PLUS_C50C_大车阿克曼_2023.12.01.zip,62ac36a960576a739ae59fd62787db4340b9bc63221645b0a099c2f4319caadc,18024669,https://github.com/EnosElinsa/wheeltec-ros-source-reference/tree/main/packages/R-archive-0009,https://github.com/EnosElinsa/wheeltec-ros-source-reference/releases/download/source-archive-2026-08-28/R-archive-0009__R550PLUS_C50C___2023.12.01.zip,r680,hardware_match_required,primary,docs/08-r680-platform/43-r680-debug-source-firmware.md
R-archive-0010,R-archive-0010,source_archive,publishable,R550PLUS_C50C_大车差速_2023.12.04.zip,cb481a6556fd8ecdf98e57b0a3e115ea7606de6519389b3230fb19ac4ece74fb,16114346,https://github.com/EnosElinsa/wheeltec-ros-source-reference/tree/main/packages/R-archive-0010,https://github.com/EnosElinsa/wheeltec-ros-source-reference/releases/download/source-archive-2026-08-28/R-archive-0010__R550PLUS_C50C___2023.12.04.zip,r680,hardware_match_required,primary,docs/08-r680-platform/43-r680-debug-source-firmware.md
R-archive-0011,R-archive-0011,source_archive,publishable,R550PLUS_C50C_大车麦轮_2023.12.19.zip,e4456018b33cd33210c46cce1e311361607661b258927933c4e90a261ce27ddb,16220515,https://github.com/EnosElinsa/wheeltec-ros-source-reference/tree/main/packages/R-archive-0011,https://github.com/EnosElinsa/wheeltec-ros-source-reference/releases/download/source-archive-2026-08-28/R-archive-0011__R550PLUS_C50C___2023.12.19.zip,r680,hardware_match_required,primary,docs/08-r680-platform/43-r680-debug-source-firmware.md
R-archive-0012,R-archive-0012,source_archive,publishable,R550PLUS_C50C_大车全向轮_2023.12.04.zip,74779973b613b862eff44967b939e0f925b61cb858a3379eee03a1302af68302,1848633,https://github.com/EnosElinsa/wheeltec-ros-source-reference/tree/main/packages/R-archive-0012,https://github.com/EnosElinsa/wheeltec-ros-source-reference/releases/download/source-archive-2026-08-28/R-archive-0012__R550PLUS_C50C___2023.12.04.zip,r680,hardware_match_required,primary,docs/08-r680-platform/43-r680-debug-source-firmware.md
R-archive-0013,R-archive-0013,source_archive,publishable,R550PLUS_C50C_大车四驱_2023.12.04.zip,072a1d753b83dbeb5100cb65c7c5bf06827d69b8d67002a0ed1f2de9ad564949,16214435,https://github.com/EnosElinsa/wheeltec-ros-source-reference/tree/main/packages/R-archive-0013,https://github.com/EnosElinsa/wheeltec-ros-source-reference/releases/download/source-archive-2026-08-28/R-archive-0013__R550PLUS_C50C___2023.12.04.zip,r680,hardware_match_required,primary,docs/08-r680-platform/43-r680-debug-source-firmware.md
R-archive-0014,R-archive-0014,source_archive,publishable,驱动_CH9102驱动与资料（2023.05.15）.zip,903793e0223c5a8271de1e14ca20826e50f240bbeabba2e496f3309ea828774f,1672139,https://github.com/EnosElinsa/wheeltec-ros-source-reference/tree/main/packages/R-archive-0014,https://github.com/EnosElinsa/wheeltec-ros-source-reference/releases/download/source-archive-2026-08-28/R-archive-0014__CH9102_2023.05.15.zip,r680,hardware_match_required,primary,docs/08-r680-platform/43-r680-debug-source-firmware.md
R-archive-0015,R-archive-0015,source_archive,publishable,F103RCT6_8驱麦轮_移动机器人STM源码.zip,f4a678bb3082a3f2d06c9271c7f7367531758ba6e095ba3f53818ee852989efb,32613022,https://github.com/EnosElinsa/wheeltec-ros-source-reference/tree/main/packages/R-archive-0015,https://github.com/EnosElinsa/wheeltec-ros-source-reference/releases/download/source-archive-2026-08-28/R-archive-0015__F103RCT6_8___STM.zip,r680,hardware_match_required,primary,docs/08-r680-platform/43-r680-debug-source-firmware.md
R-archive-0016,R-archive-0016,source_archive,publishable,F103RCT6_阿克曼_移动机器人STM32源码.zip,e0e413d9cf20020b937b20d31805a4b0424b68ff6601f53099e30cf913413a24,6417309,https://github.com/EnosElinsa/wheeltec-ros-source-reference/tree/main/packages/R-archive-0016,https://github.com/EnosElinsa/wheeltec-ros-source-reference/releases/download/source-archive-2026-08-28/R-archive-0016__F103RCT6____STM32.zip,r680,hardware_match_required,primary,docs/08-r680-platform/43-r680-debug-source-firmware.md
R-archive-0017,R-archive-0017,source_archive,publishable,F103RCT6_差速_移动机器人STM32源码.zip,0ba5f546c7cc2147d1d0a3f7c8619823710decdd1cbde8d93b1635936674648c,15266095,https://github.com/EnosElinsa/wheeltec-ros-source-reference/tree/main/packages/R-archive-0017,https://github.com/EnosElinsa/wheeltec-ros-source-reference/releases/download/source-archive-2026-08-28/R-archive-0017__F103RCT6____STM32.zip,r680,hardware_match_required,primary,docs/08-r680-platform/43-r680-debug-source-firmware.md
R-archive-0018,R-archive-0018,source_archive,publishable,F103RCT6_麦轮_移动机器人STM32源码.zip,4d05fb0f3b1fd92935dd767b95073c7efddae439a19cccee51e6f40c68940898,16225003,https://github.com/EnosElinsa/wheeltec-ros-source-reference/tree/main/packages/R-archive-0018,https://github.com/EnosElinsa/wheeltec-ros-source-reference/releases/download/source-archive-2026-08-28/R-archive-0018__F103RCT6____STM32.zip,r680,hardware_match_required,primary,docs/08-r680-platform/43-r680-debug-source-firmware.md
R-archive-0019,R-archive-0019,source_archive,publishable,F103RCT6_全向轮_移动机器人STM32源码.zip,83b272f4fa14f0d8501bbb00134328b448e04857bdb814b7ed04f7cc2b35f7d6,15051883,https://github.com/EnosElinsa/wheeltec-ros-source-reference/tree/main/packages/R-archive-0019,https://github.com/EnosElinsa/wheeltec-ros-source-reference/releases/download/source-archive-2026-08-28/R-archive-0019__F103RCT6____STM32.zip,r680,hardware_match_required,primary,docs/08-r680-platform/43-r680-debug-source-firmware.md
R-archive-0020,R-archive-0020,source_archive,publishable,F103RCT6_四驱_移动机器人STM32源码.zip,b14a1374a3fadf1ac4aae95564b8619ded4549edddb27cc4435e13f9c9cf0107,16213786,https://github.com/EnosElinsa/wheeltec-ros-source-reference/tree/main/packages/R-archive-0020,https://github.com/EnosElinsa/wheeltec-ros-source-reference/releases/download/source-archive-2026-08-28/R-archive-0020__F103RCT6____STM32.zip,r680,hardware_match_required,primary,docs/08-r680-platform/43-r680-debug-source-firmware.md
R-archive-0021,R-archive-0021,source_archive,publishable,F405RGT6_8驱麦轮_移动机器人STM源码.zip,329cba13f74a418e44f29db8c151c13deaa1fcf2e96f8900b87491f9f184b15c,13913283,https://github.com/EnosElinsa/wheeltec-ros-source-reference/tree/main/packages/R-archive-0021,https://github.com/EnosElinsa/wheeltec-ros-source-reference/releases/download/source-archive-2026-08-28/R-archive-0021__F405RGT6_8___STM.zip,r680,hardware_match_required,primary,docs/08-r680-platform/43-r680-debug-source-firmware.md
R-archive-0022,R-archive-0022,source_archive,publishable,F405RGT6_阿克曼_移动机器人STM32源码.zip,3d26b300cfe74c2161a8585c7d4631a80feb95bdff55eff00cc2df7324cc085e,6614521,https://github.com/EnosElinsa/wheeltec-ros-source-reference/tree/main/packages/R-archive-0022,https://github.com/EnosElinsa/wheeltec-ros-source-reference/releases/download/source-archive-2026-08-28/R-archive-0022__F405RGT6____STM32.zip,r680,hardware_match_required,primary,docs/08-r680-platform/43-r680-debug-source-firmware.md
R-archive-0023,R-archive-0023,source_archive,publishable,F405RGT6_差速_移动机器人STM32源码.zip,5615ec48b8e1205693c83811e7e70c29b6e6bdd202bdb54b1ea02da21ea02776,5905838,https://github.com/EnosElinsa/wheeltec-ros-source-reference/tree/main/packages/R-archive-0023,https://github.com/EnosElinsa/wheeltec-ros-source-reference/releases/download/source-archive-2026-08-28/R-archive-0023__F405RGT6____STM32.zip,r680,hardware_match_required,primary,docs/08-r680-platform/43-r680-debug-source-firmware.md
R-archive-0024,R-archive-0024,source_archive,publishable,F405RGT6_麦轮_移动机器人STM32源码.zip,049b31c596b4e9629214ea691489774bd30a6ed2ecd4005a4650aa5c81cb6156,23985359,https://github.com/EnosElinsa/wheeltec-ros-source-reference/tree/main/packages/R-archive-0024,https://github.com/EnosElinsa/wheeltec-ros-source-reference/releases/download/source-archive-2026-08-28/R-archive-0024__F405RGT6____STM32.zip,r680,hardware_match_required,primary,docs/08-r680-platform/43-r680-debug-source-firmware.md
R-archive-0025,R-archive-0025,source_archive,publishable,F405RGT6_全向轮_移动机器人STM32源码.zip,f830c36969f29c741bba9a53a657a79a32e86db4d6b4a9824ad4d849f02c176d,5701890,https://github.com/EnosElinsa/wheeltec-ros-source-reference/tree/main/packages/R-archive-0025,https://github.com/EnosElinsa/wheeltec-ros-source-reference/releases/download/source-archive-2026-08-28/R-archive-0025__F405RGT6____STM32.zip,r680,hardware_match_required,primary,docs/08-r680-platform/43-r680-debug-source-firmware.md
R-archive-0026,R-archive-0026,source_archive,publishable,F405RGT6_四驱_移动机器人STM32源码.zip,db89c280d4280248275a8f15087ac04d53536fd13da418c60c6476481502328f,6848999,https://github.com/EnosElinsa/wheeltec-ros-source-reference/tree/main/packages/R-archive-0026,https://github.com/EnosElinsa/wheeltec-ros-source-reference/releases/download/source-archive-2026-08-28/R-archive-0026__F405RGT6____STM32.zip,r680,hardware_match_required,primary,docs/08-r680-platform/43-r680-debug-source-firmware.md
R-archive-0027,R-archive-0027,source_archive,publishable,F407VET6_大车阿克曼代码_C50A版本_(2022.11.08) .zip,d84912cf26bcf5900d56e39ae377ac8b7acfb94b125a3d550c68e4f51749eb1f,6521786,https://github.com/EnosElinsa/wheeltec-ros-source-reference/tree/main/packages/R-archive-0027,https://github.com/EnosElinsa/wheeltec-ros-source-reference/releases/download/source-archive-2026-08-28/R-archive-0027__F407VET6___C50A___2022.11.08.zip,r680,hardware_match_required,primary,docs/08-r680-platform/43-r680-debug-source-firmware.md
R-archive-0028,R-archive-0028,source_archive,publishable,F407VET6_大车差速代码_C50A版本_(2022.11.08).zip,e3b14c1340fb7c2bd83db28574f90059005979de02ffff32364d51aa4a2083b4,5799981,https://github.com/EnosElinsa/wheeltec-ros-source-reference/tree/main/packages/R-archive-0028,https://github.com/EnosElinsa/wheeltec-ros-source-reference/releases/download/source-archive-2026-08-28/R-archive-0028__F407VET6___C50A___2022.11.08.zip,r680,hardware_match_required,primary,docs/08-r680-platform/43-r680-debug-source-firmware.md
R-archive-0029,R-archive-0029,source_archive,publishable,F407VET6_大车麦轮代码_C50A版本_(2022.11.17).zip,af68d3154adf5ae383cbe3b19868e71b8d174450fa4cb26017ce9c6280c92995,20066829,https://github.com/EnosElinsa/wheeltec-ros-source-reference/tree/main/packages/R-archive-0029,https://github.com/EnosElinsa/wheeltec-ros-source-reference/releases/download/source-archive-2026-08-28/R-archive-0029__F407VET6___C50A___2022.11.17.zip,r680,hardware_match_required,primary,docs/08-r680-platform/43-r680-debug-source-firmware.md
R-archive-0030,R-archive-0030,source_archive,publishable,F407VET6_大车全向轮代码_C50A版本_(2022.11.08).zip,a9de25954d6dedda7ad79fe21d65a62024a19f75347d5680f0189e1805af7808,5593923,https://github.com/EnosElinsa/wheeltec-ros-source-reference/tree/main/packages/R-archive-0030,https://github.com/EnosElinsa/wheeltec-ros-source-reference/releases/download/source-archive-2026-08-28/R-archive-0030__F407VET6___C50A___2022.11.08.zip,r680,hardware_match_required,primary,docs/08-r680-platform/43-r680-debug-source-firmware.md
R-archive-0031,R-archive-0031,source_archive,publishable,F407VET6_大车四驱车代码_C50A版本_(2022.11.08).zip,e4e2422a57ad55c32fc36aa4018d330c56d1b037578d66c302ce864fe4900f42,6761055,https://github.com/EnosElinsa/wheeltec-ros-source-reference/tree/main/packages/R-archive-0031,https://github.com/EnosElinsa/wheeltec-ros-source-reference/releases/download/source-archive-2026-08-28/R-archive-0031__F407VET6___C50A___2022.11.08.zip,r680,hardware_match_required,primary,docs/08-r680-platform/43-r680-debug-source-firmware.md
R-archive-0032,R-archive-0032,source_archive,publishable,F407VET6_8驱麦轮_移动机器人STM源码_2023.05.31.zip,0022e69de8d25de654a5ccb94ceebbdbb6418e86cac14a31e5a8f2b6f47d4feb,2313663,https://github.com/EnosElinsa/wheeltec-ros-source-reference/tree/main/packages/R-archive-0032,https://github.com/EnosElinsa/wheeltec-ros-source-reference/releases/download/source-archive-2026-08-28/R-archive-0032__F407VET6_8___STM__2023.05.31.zip,r680,hardware_match_required,primary,docs/08-r680-platform/43-r680-debug-source-firmware.md
R-archive-0033,R-archive-0033,source_archive,publishable,F407VET6_大车阿克曼代码_C50B版本_(2023.05.31).zip,de449d5e116d0fc499553e5446c9e89f97abd871c900025c21ff9fad18f34ec2,2750768,https://github.com/EnosElinsa/wheeltec-ros-source-reference/tree/main/packages/R-archive-0033,https://github.com/EnosElinsa/wheeltec-ros-source-reference/releases/download/source-archive-2026-08-28/R-archive-0033__F407VET6___C50B___2023.05.31.zip,r680,hardware_match_required,primary,docs/08-r680-platform/43-r680-debug-source-firmware.md
R-archive-0034,R-archive-0034,source_archive,publishable,F407VET6_大车差速代码_C50B版本_(2023.05.31).zip,1fbd3abd5a6ca85149035712716728ee61c5821b4c1c7566f637e0c3e80018b2,1830997,https://github.com/EnosElinsa/wheeltec-ros-source-reference/tree/main/packages/R-archive-0034,https://github.com/EnosElinsa/wheeltec-ros-source-reference/releases/download/source-archive-2026-08-28/R-archive-0034__F407VET6___C50B___2023.05.31.zip,r680,hardware_match_required,primary,docs/08-r680-platform/43-r680-debug-source-firmware.md
R-archive-0035,R-archive-0035,source_archive,publishable,F407VET6_大车麦轮代码_C50B版本_(2023.05.31).zip,2387313b53f2edb9bb4c4d7634bd4b297262cdef74516395102df99f1af35439,1919085,https://github.com/EnosElinsa/wheeltec-ros-source-reference/tree/main/packages/R-archive-0035,https://github.com/EnosElinsa/wheeltec-ros-source-reference/releases/download/source-archive-2026-08-28/R-archive-0035__F407VET6___C50B___2023.05.31.zip,r680,hardware_match_required,primary,docs/08-r680-platform/43-r680-debug-source-firmware.md
R-archive-0036,R-archive-0036,source_archive,publishable,F407VET6_大车全向轮代码_C50B版本_(2023.05.31).zip,684e97e25edac2f43bad61d43534e124c89048946ec7101fa6260cde2536573c,1821606,https://github.com/EnosElinsa/wheeltec-ros-source-reference/tree/main/packages/R-archive-0036,https://github.com/EnosElinsa/wheeltec-ros-source-reference/releases/download/source-archive-2026-08-28/R-archive-0036__F407VET6___C50B___2023.05.31.zip,r680,hardware_match_required,primary,docs/08-r680-platform/43-r680-debug-source-firmware.md
R-archive-0037,R-archive-0037,source_archive,publishable,F407VET6_大车四驱车代码_C50B版本_(2023.05.31).zip,f79a68d7c6da5e3f5816568433deb27568f8dc6e6ee689d53ee54efdfac8f758,1932334,https://github.com/EnosElinsa/wheeltec-ros-source-reference/tree/main/packages/R-archive-0037,https://github.com/EnosElinsa/wheeltec-ros-source-reference/releases/download/source-archive-2026-08-28/R-archive-0037__F407VET6___C50B___2023.05.31.zip,r680,hardware_match_required,primary,docs/08-r680-platform/43-r680-debug-source-firmware.md
R-archive-0038,R-archive-0038,source_archive,publishable,F407VET6_大车阿克曼代码_C50B版本(2023.06.28).zip,4129921df530bbf14fc049578cfb5df8bd47ff83278bd757289f8bd46c2dfe64,2771408,https://github.com/EnosElinsa/wheeltec-ros-source-reference/tree/main/packages/R-archive-0038,https://github.com/EnosElinsa/wheeltec-ros-source-reference/releases/download/source-archive-2026-08-28/R-archive-0038__F407VET6___C50B_2023.06.28.zip,r680,hardware_match_required,primary,docs/08-r680-platform/43-r680-debug-source-firmware.md
R-archive-0039,R-archive-0039,non_source_archive,catalog_only_non_source,STM32运动底盘源码_ROS机器人控制板_C50B_(2023.04.21).zip,e17b2d16a982607ccb3a884144b780ec4cbc295c60cd77b9526bdc992c3bc3cf,15351639,,,r680,hardware_match_required,primary,docs/08-r680-platform/43-r680-debug-source-firmware.md
R-archive-0040,R-archive-0040,source_archive,publishable,F407VET6_8驱麦轮_移动机器人STM源码_2023.04.21.zip,47bbceaa6c7cc79cc92cb7a94b23f88c504bcc3d54b2d9fd1a5e2ad3b647976e,2747881,https://github.com/EnosElinsa/wheeltec-ros-source-reference/tree/main/packages/R-archive-0040,https://github.com/EnosElinsa/wheeltec-ros-source-reference/releases/download/source-archive-2026-08-28/R-archive-0040__F407VET6_8___STM__2023.04.21.zip,r680,hardware_match_required,primary,docs/08-r680-platform/43-r680-debug-source-firmware.md
R-archive-0041,R-archive-0041,source_archive,publishable,F407VET6_大车阿克曼代码_C50B版本_(2023.04.21).zip,1eb4104103b9e0f36b8984e584df5e308cdcbad60d9c6b7dd007eb80cef9d966,2751456,https://github.com/EnosElinsa/wheeltec-ros-source-reference/tree/main/packages/R-archive-0041,https://github.com/EnosElinsa/wheeltec-ros-source-reference/releases/download/source-archive-2026-08-28/R-archive-0041__F407VET6___C50B___2023.04.21.zip,r680,hardware_match_required,primary,docs/08-r680-platform/43-r680-debug-source-firmware.md
R-archive-0042,R-archive-0042,source_archive,publishable,F407VET6_大车差速代码_C50B版本_(2023.04.21).zip,41689f5f42590b9438e6720bc9feb0db0d784de6899b08e6a43add981a23a3eb,1828562,https://github.com/EnosElinsa/wheeltec-ros-source-reference/tree/main/packages/R-archive-0042,https://github.com/EnosElinsa/wheeltec-ros-source-reference/releases/download/source-archive-2026-08-28/R-archive-0042__F407VET6___C50B___2023.04.21.zip,r680,hardware_match_required,primary,docs/08-r680-platform/43-r680-debug-source-firmware.md
R-archive-0043,R-archive-0043,source_archive,publishable,F407VET6_大车麦轮代码_C50B版本_(2023.04.21).zip,a69349b5c70338598f3c4679d31aaf502b6a20ddc2144ccabdb7e2e9aee4a74d,1919030,https://github.com/EnosElinsa/wheeltec-ros-source-reference/tree/main/packages/R-archive-0043,https://github.com/EnosElinsa/wheeltec-ros-source-reference/releases/download/source-archive-2026-08-28/R-archive-0043__F407VET6___C50B___2023.04.21.zip,r680,hardware_match_required,primary,docs/08-r680-platform/43-r680-debug-source-firmware.md
R-archive-0044,R-archive-0044,source_archive,publishable,F407VET6_大车全向轮代码_C50B版本_(2023.04.21).zip,7f5c41469a55ebfee254636d62a7afb3aef7d4ba3192f0f5d82233824aedab23,1821651,https://github.com/EnosElinsa/wheeltec-ros-source-reference/tree/main/packages/R-archive-0044,https://github.com/EnosElinsa/wheeltec-ros-source-reference/releases/download/source-archive-2026-08-28/R-archive-0044__F407VET6___C50B___2023.04.21.zip,r680,hardware_match_required,primary,docs/08-r680-platform/43-r680-debug-source-firmware.md
R-archive-0045,R-archive-0045,source_archive,publishable,F407VET6_大车四驱车代码_C50B版本_(2023.04.21).zip,9297fe989f9fef13fef139175015847fa58a6c78d728d37885608915c29d68c9,1932281,https://github.com/EnosElinsa/wheeltec-ros-source-reference/tree/main/packages/R-archive-0045,https://github.com/EnosElinsa/wheeltec-ros-source-reference/releases/download/source-archive-2026-08-28/R-archive-0045__F407VET6___C50B___2023.04.21.zip,r680,hardware_match_required,primary,docs/08-r680-platform/43-r680-debug-source-firmware.md
R-archive-0046,R-archive-0046,source_archive,publishable,R550PLUS_C50B_大车阿克曼_2023.07.25.zip,8ef3fed8452e56413b0e724f48c7ab5f2512c8152d130411c89b4c47b8bb255e,2763794,https://github.com/EnosElinsa/wheeltec-ros-source-reference/tree/main/packages/R-archive-0046,https://github.com/EnosElinsa/wheeltec-ros-source-reference/releases/download/source-archive-2026-08-28/R-archive-0046__R550PLUS_C50B___2023.07.25.zip,r680,hardware_match_required,primary,docs/08-r680-platform/43-r680-debug-source-firmware.md
R-archive-0047,R-archive-0047,source_archive,publishable,R550PLUS_C50C_大车阿克曼(霍尔编码器)_2024.04.15.zip,e166d0a40f75807c05784a4b97aa9894ba90b685e4dba3f1fdb2920c31044956,3189099,https://github.com/EnosElinsa/wheeltec-ros-source-reference/tree/main/packages/R-archive-0047,https://github.com/EnosElinsa/wheeltec-ros-source-reference/releases/download/source-archive-2026-08-28/R-archive-0047__R550PLUS_C50C___2024.04.15.zip,r680,hardware_match_required,primary,docs/08-r680-platform/43-r680-debug-source-firmware.md
R-archive-0048,R-archive-0048,source_archive,publishable,R550PLUS_C50C_大车差速(霍尔编码器)2023.09.27.zip,f495dc61773e3fbf346d5cb5d6ce2d82b3a7359036c3bee3f67f2769cb9f0e7d,2075972,https://github.com/EnosElinsa/wheeltec-ros-source-reference/tree/main/packages/R-archive-0048,https://github.com/EnosElinsa/wheeltec-ros-source-reference/releases/download/source-archive-2026-08-28/R-archive-0048__R550PLUS_C50C__2023.09.27.zip,r680,hardware_match_required,primary,docs/08-r680-platform/43-r680-debug-source-firmware.md
R-archive-0049,R-archive-0049,source_archive,publishable,R550PLUS_C50C_大车麦轮(霍尔编码器)_2024.04.01.zip,c7604a20b289a4e7bdf7bc7d0ee3456f421bfcf9bf1306a432aaf4d254e205e8,2188129,https://github.com/EnosElinsa/wheeltec-ros-source-reference/tree/main/packages/R-archive-0049,https://github.com/EnosElinsa/wheeltec-ros-source-reference/releases/download/source-archive-2026-08-28/R-archive-0049__R550PLUS_C50C___2024.04.01.zip,r680,hardware_match_required,primary,docs/08-r680-platform/43-r680-debug-source-firmware.md
R-archive-0050,R-archive-0050,source_archive,publishable,R550PLUS_C50C_大车全向轮(霍尔编码器)_2024.04.15.zip,22d1b9b2df69aa45549d679db90dc0ef9a1f69f674388328f85ae6054615c612,2045519,https://github.com/EnosElinsa/wheeltec-ros-source-reference/tree/main/packages/R-archive-0050,https://github.com/EnosElinsa/wheeltec-ros-source-reference/releases/download/source-archive-2026-08-28/R-archive-0050__R550PLUS_C50C___2024.04.15.zip,r680,hardware_match_required,primary,docs/08-r680-platform/43-r680-debug-source-firmware.md
R-archive-0051,R-archive-0051,source_archive,publishable,R550PLUS_C50C_大车四驱(霍尔编码器)_2023.12.04.zip,fd372e6c88fdce7bf77afed9da968708d646ba5d592152e03f947f0d9e3cc8e6,1291855,https://github.com/EnosElinsa/wheeltec-ros-source-reference/tree/main/packages/R-archive-0051,https://github.com/EnosElinsa/wheeltec-ros-source-reference/releases/download/source-archive-2026-08-28/R-archive-0051__R550PLUS_C50C___2023.12.04.zip,r680,hardware_match_required,primary,docs/08-r680-platform/43-r680-debug-source-firmware.md
R-archive-0052,R-archive-0008,source_archive,publishable,R550PLUS_C50C_8驱麦轮大车_2023.12.04.zip,99c1a7b9d3049a422142cc4399b8429c12c998d3a4f344ac0789555094e53bf6,30956858,https://github.com/EnosElinsa/wheeltec-ros-source-reference/tree/main/packages/R-archive-0008,https://github.com/EnosElinsa/wheeltec-ros-source-reference/releases/download/source-archive-2026-08-28/R-archive-0008__R550PLUS_C50C_8__2023.12.04.zip,r680,hardware_match_required,primary,docs/08-r680-platform/43-r680-debug-source-firmware.md
R-archive-0053,R-archive-0009,source_archive,publishable,R550PLUS_C50C_大车阿克曼_2023.12.01.zip,62ac36a960576a739ae59fd62787db4340b9bc63221645b0a099c2f4319caadc,18024669,https://github.com/EnosElinsa/wheeltec-ros-source-reference/tree/main/packages/R-archive-0009,https://github.com/EnosElinsa/wheeltec-ros-source-reference/releases/download/source-archive-2026-08-28/R-archive-0009__R550PLUS_C50C___2023.12.01.zip,r680,hardware_match_required,primary,docs/08-r680-platform/43-r680-debug-source-firmware.md
R-archive-0054,R-archive-0010,source_archive,publishable,R550PLUS_C50C_大车差速_2023.12.04.zip,cb481a6556fd8ecdf98e57b0a3e115ea7606de6519389b3230fb19ac4ece74fb,16114346,https://github.com/EnosElinsa/wheeltec-ros-source-reference/tree/main/packages/R-archive-0010,https://github.com/EnosElinsa/wheeltec-ros-source-reference/releases/download/source-archive-2026-08-28/R-archive-0010__R550PLUS_C50C___2023.12.04.zip,r680,hardware_match_required,primary,docs/08-r680-platform/43-r680-debug-source-firmware.md
R-archive-0055,R-archive-0011,source_archive,publishable,R550PLUS_C50C_大车麦轮_2023.12.19.zip,e4456018b33cd33210c46cce1e311361607661b258927933c4e90a261ce27ddb,16220515,https://github.com/EnosElinsa/wheeltec-ros-source-reference/tree/main/packages/R-archive-0011,https://github.com/EnosElinsa/wheeltec-ros-source-reference/releases/download/source-archive-2026-08-28/R-archive-0011__R550PLUS_C50C___2023.12.19.zip,r680,hardware_match_required,primary,docs/08-r680-platform/43-r680-debug-source-firmware.md
R-archive-0056,R-archive-0012,source_archive,publishable,R550PLUS_C50C_大车全向轮_2023.12.04.zip,74779973b613b862eff44967b939e0f925b61cb858a3379eee03a1302af68302,1848633,https://github.com/EnosElinsa/wheeltec-ros-source-reference/tree/main/packages/R-archive-0012,https://github.com/EnosElinsa/wheeltec-ros-source-reference/releases/download/source-archive-2026-08-28/R-archive-0012__R550PLUS_C50C___2023.12.04.zip,r680,hardware_match_required,primary,docs/08-r680-platform/43-r680-debug-source-firmware.md
R-archive-0057,R-archive-0013,source_archive,publishable,R550PLUS_C50C_大车四驱_2023.12.04.zip,072a1d753b83dbeb5100cb65c7c5bf06827d69b8d67002a0ed1f2de9ad564949,16214435,https://github.com/EnosElinsa/wheeltec-ros-source-reference/tree/main/packages/R-archive-0013,https://github.com/EnosElinsa/wheeltec-ros-source-reference/releases/download/source-archive-2026-08-28/R-archive-0013__R550PLUS_C50C___2023.12.04.zip,r680,hardware_match_required,primary,docs/08-r680-platform/43-r680-debug-source-firmware.md
R-archive-0058,R-archive-0003,source_archive,publishable,R550PLUS_C50C_8驱麦轮大车_2023.12.04.zip,5889a548e14d0e75ece3b26d24ba416858484712d0c8cb5a1d5b56e6027442a7,2802130,https://github.com/EnosElinsa/wheeltec-ros-source-reference/tree/main/packages/R-archive-0003,https://github.com/EnosElinsa/wheeltec-ros-source-reference/releases/download/source-archive-2026-08-28/R-archive-0003__R550PLUS_C50C_8__2023.12.04.zip,r680,hardware_match_required,primary,docs/08-r680-platform/43-r680-debug-source-firmware.md
R-archive-0059,R-archive-0059,source_archive,publishable,R550PLUS_C50C_大车阿克曼_2023.12.01.zip,33e70bd2a4783a895135d6c23d560491d81711a4b10a69b39306432a9c3fa548,2997703,https://github.com/EnosElinsa/wheeltec-ros-source-reference/tree/main/packages/R-archive-0059,https://github.com/EnosElinsa/wheeltec-ros-source-reference/releases/download/source-archive-2026-08-28/R-archive-0059__R550PLUS_C50C___2023.12.01.zip,r680,hardware_match_required,primary,docs/08-r680-platform/43-r680-debug-source-firmware.md
R-archive-0060,R-archive-0060,source_archive,publishable,R550PLUS_C50C_大车差速_2023.12.04.zip,279e3bc33353c455cadf1c7110f25ed55d76aa1f8014ee9111b9a61ab1caa3b3,1839065,https://github.com/EnosElinsa/wheeltec-ros-source-reference/tree/main/packages/R-archive-0060,https://github.com/EnosElinsa/wheeltec-ros-source-reference/releases/download/source-archive-2026-08-28/R-archive-0060__R550PLUS_C50C___2023.12.04.zip,r680,hardware_match_required,primary,docs/08-r680-platform/43-r680-debug-source-firmware.md
R-archive-0061,R-archive-0061,source_archive,publishable,R550PLUS_C50C_大车麦轮_2023.12.19.zip,854f102b0058e4761cb2b51fc80fddae4f39f02a95ddf2af6ddecd767a8d714e,1948497,https://github.com/EnosElinsa/wheeltec-ros-source-reference/tree/main/packages/R-archive-0061,https://github.com/EnosElinsa/wheeltec-ros-source-reference/releases/download/source-archive-2026-08-28/R-archive-0061__R550PLUS_C50C___2023.12.19.zip,r680,hardware_match_required,primary,docs/08-r680-platform/43-r680-debug-source-firmware.md
R-archive-0062,R-archive-0012,source_archive,publishable,R550PLUS_C50C_大车全向轮_2023.12.04.zip,74779973b613b862eff44967b939e0f925b61cb858a3379eee03a1302af68302,1848633,https://github.com/EnosElinsa/wheeltec-ros-source-reference/tree/main/packages/R-archive-0012,https://github.com/EnosElinsa/wheeltec-ros-source-reference/releases/download/source-archive-2026-08-28/R-archive-0012__R550PLUS_C50C___2023.12.04.zip,r680,hardware_match_required,primary,docs/08-r680-platform/43-r680-debug-source-firmware.md
R-archive-0063,R-archive-0063,source_archive,publishable,R550PLUS_C50C_大车四驱_2023.12.04.zip,3d096372ef4f5d3d586032379da15e66e890e52afd55b0ca7b1e8a5b291c0434,1950525,https://github.com/EnosElinsa/wheeltec-ros-source-reference/tree/main/packages/R-archive-0063,https://github.com/EnosElinsa/wheeltec-ros-source-reference/releases/download/source-archive-2026-08-28/R-archive-0063__R550PLUS_C50C___2023.12.04.zip,r680,hardware_match_required,primary,docs/08-r680-platform/43-r680-debug-source-firmware.md
R-archive-0064,R-archive-0064,source_archive,publishable,BT04蓝牙模块资料.zip,cb5311e61d4101e0daab592b80711277d17fa50013004465084cbf0911dc3a05,111250122,https://github.com/EnosElinsa/wheeltec-ros-source-reference/tree/main/packages/R-archive-0064,https://github.com/EnosElinsa/wheeltec-ros-source-reference/releases/download/source-archive-2026-08-28/R-archive-0064__BT04.zip,r680-hardware,hardware_match_required,reference,docs/08-r680-platform/42-r680-hardware-wiring-oled.md
R-archive-0065,R-archive-0065,source_archive,publishable,WHEELTEC_C50X_2026.05.29已配置无线烧录.zip,8230b765636584511da440334f4620ba4dccabbc15ab984dc372be0e6342ccd2,2189590,https://github.com/EnosElinsa/wheeltec-ros-source-reference/tree/main/packages/R-archive-0065,https://github.com/EnosElinsa/wheeltec-ros-source-reference/releases/download/source-archive-2026-08-28/R-archive-0065__WHEELTEC_C50X_2026.05.29.zip,r680-flashing,hardware_match_required,reference,docs/06-stm32-firmware/36-build-flash-rollback.md|docs/08-r680-platform/43-r680-debug-source-firmware.md
